area,perimeter,circularity,aspect_ratio,solidity,label
18.0,16.485281109809875,0.8323187048360775,1.0,1.0,arabika
18.0,17.656854152679443,0.7255305594341376,1.4,0.9,arabika
29.0,20.485281229019165,0.8684083705970504,0.75,0.9830508474576272,arabika
28.0,21.313708305358887,0.7745507159492427,0.875,0.9333333333333333,arabika
29.0,21.313708305358887,0.8022132415188586,1.5,0.9666666666666667,arabika
22.0,18.485281229019165,0.8090594231490545,1.1666666666666667,0.9777777777777777,arabika
29.0,20.485281229019165,0.8684083705970504,0.75,0.9830508474576272,arabika
27.5,20.727921843528748,0.8043240098054562,0.875,0.9482758620689655,arabika
26.5,20.727921843528748,0.7750758639943486,1.5,0.9464285714285714,arabika
26.0,21.313708305358887,0.7192256648100112,0.875,0.896551724137931,arabika
28.5,20.727921843528748,0.8335721556165635,1.1428571428571428,0.95,arabika
28.5,20.727921843528748,0.8335721556165635,1.1428571428571428,0.9661016949152542,arabika
24.0,19.313708305358887,0.8085181428902574,0.75,0.9411764705882353,arabika
21.5,18.727921843528748,0.7703164059084023,1.0,0.9347826086956522,arabika
22.0,18.485281229019165,0.8090594231490545,1.6,0.9777777777777777,arabika
22.5,18.727921843528748,0.8061450759506537,1.0,0.9574468085106383,arabika
22.0,18.485281229019165,0.8090594231490545,0.625,0.9777777777777777,arabika
22.0,19.313708305358887,0.7411416309827358,1.0,0.9166666666666666,arabika
21.0,18.485281229019165,0.7722839948240977,0.8571428571428571,0.9333333333333333,arabika
15.0,15.656854152679443,0.7689393938672696,0.8333333333333334,0.9375,arabika
15.5,15.899494767189026,0.7705040289325178,1.0,0.9117647058823529,arabika
16.0,15.656854152679443,0.8202020201250876,1.2,0.9411764705882353,arabika
16.0,15.656854152679443,0.8202020201250876,0.8333333333333334,0.9696969696969697,arabika
16.0,15.656854152679443,0.8202020201250876,0.8333333333333334,0.9411764705882353,arabika
15.5,15.899494767189026,0.7705040289325178,1.0,0.9117647058823529,arabika
17.5,15.899494767189026,0.8699239036334878,1.4,1.0,arabika
17.0,16.485281229019165,0.786078765420955,1.0,0.918918918918919,arabika
23.5,19.071067690849304,0.8119470551706076,0.625,0.9791666666666666,arabika
21.5,17.899494767189026,0.843270249070409,1.1666666666666667,0.9772727272727273,arabika
18.0,18.0,0.6981317007977318,0.5714285714285714,1.0,arabika
24.0,19.313708186149597,0.8085181528710309,1.0,0.96,arabika
18.0,17.656854152679443,0.7255305594341376,0.5,0.972972972972973,arabika
21.5,18.72792160511017,0.7703164255216566,1.0,0.9772727272727273,arabika
20.0,17.656854152679443,0.8061450660379307,1.4,0.9523809523809523,arabika
20.0,18.485281229019165,0.7355085664991405,1.6,0.9302325581395349,arabika
18.0,18.0,0.6981317007977318,0.5714285714285714,1.0,arabika
18.5,17.071067690849304,0.797737896300187,1.4,0.9736842105263158,arabika
19.5,17.071067690849304,0.8408588636677646,1.0,0.975,arabika
14.0,15.656854152679443,0.7176767676094516,0.8333333333333334,0.9333333333333333,arabika
10.5,14.242640614509583,0.6504563104738692,2.3333333333333335,1.0,arabika
14.5,15.899494767189026,0.7207940915820329,1.0,0.90625,arabika
12.0,13.656854152679443,0.8085181381420814,1.0,1.0,arabika
14.5,15.071067690849304,0.8022132398263994,0.8333333333333334,0.9666666666666667,arabika
16.5,15.071067690849304,0.9128633418714199,1.2,1.0,arabika
17.0,16.485281229019165,0.786078765420955,1.0,0.9444444444444444,arabika
16.0,16.485281229019165,0.7398388380432517,0.7142857142857143,0.9142857142857143,arabika
15.5,15.071067690849304,0.8575382908489095,0.8333333333333334,1.0,arabika
16.0,15.313708305358887,0.8573716241035623,1.4,1.0,arabika
16.5,15.899494647979736,0.8202139785824032,1.0,1.0,arabika
15.0,14.485281229019165,0.8983534921002858,0.8333333333333334,1.0,arabika
15.0,15.313708186149597,0.8037859101112037,1.0,0.967741935483871,arabika
15.5,15.071067690849304,0.8575382908489095,1.2,0.96875,arabika
14.5,14.242640614509583,0.8982491906543908,1.0,1.0,arabika
14.5,15.071067690849304,0.8022132398263994,0.8333333333333334,0.9354838709677419,arabika
14.0,14.485281229019165,0.8384632592936002,1.2,0.9655172413793104,arabika
12.5,13.071067690849304,0.9193857107025738,1.0,1.0,arabika
26.5,21.071067690849304,0.7500369401567203,0.5555555555555556,0.9814814814814815,arabika
24.5,21.55634903907776,0.6625604899124067,1.0,0.9423076923076923,arabika
23.5,21.071067690849304,0.6651270978748275,1.8,0.9038461538461539,arabika
24.0,20.485281229019165,0.7186827894596279,0.5555555555555556,0.9411764705882353,arabika
23.0,20.14213526248932,0.7124045488086662,0.875,0.9787234042553191,arabika
26.5,21.899494767189026,0.69436456044183,1.5,0.9137931034482759,arabika
22.0,18.485281229019165,0.8090594231490545,0.8571428571428571,0.9361702127659575,arabika
20.5,17.899494767189026,0.8040483770206226,1.1666666666666667,0.9534883720930233,arabika
19.0,16.485281229019165,0.8785586201763613,0.7142857142857143,1.0,arabika
22.5,18.727921843528748,0.8061450759506537,1.0,0.9574468085106383,arabika
21.5,18.727921724319458,0.7703164157150293,1.3333333333333333,0.9347826086956522,arabika
21.0,18.485281229019165,0.7722839948240977,0.625,0.9545454545454546,arabika
20.5,17.899494647979736,0.8040483877304261,0.8571428571428571,0.9534883720930233,arabika
20.5,17.071067690849304,0.8839798310353423,1.0,1.0,arabika
22.0,18.485281229019165,0.8090594231490545,0.625,0.9777777777777777,arabika
20.5,18.727921724319458,0.7344877452166558,1.0,0.9111111111111111,arabika
19.5,18.727921843528748,0.6986590658238998,1.3333333333333333,0.9069767441860465,arabika
21.0,17.656854152679443,0.8464523193398272,0.7142857142857143,0.9767441860465116,arabika
18.5,17.071067690849304,0.797737896300187,1.0,0.9487179487179487,arabika
16.5,16.242640614509583,0.7859239759138743,1.75,1.0,arabika
19.5,17.071067690849304,0.8408588636677646,0.7142857142857143,0.975,arabika
19.5,17.071067690849304,0.8408588636677646,1.0,0.975,arabika
20.5,17.071067690849304,0.8839798310353423,1.4,1.0,arabika
29.0,20.485281229019165,0.8684083705970504,0.75,0.9830508474576272,arabika
26.0,20.14213514328003,0.8053268907944701,0.875,0.9811320754716981,arabika
27.0,21.313708305358887,0.746888190379627,0.875,0.9152542372881356,arabika
26.5,20.727921724319458,0.7750758729094964,0.875,0.9464285714285714,arabika
29.5,21.071067690849304,0.8349467824386132,1.3333333333333333,0.9672131147540983,arabika
27.0,21.313708186149597,0.7468881987344388,0.875,0.9310344827586207,arabika
38.0,23.313708305358887,0.8785586192911308,0.7777777777777778,0.9743589743589743,arabika
35.0,22.14213526248932,0.8970959776892179,1.0,0.9859154929577465,arabika
33.0,21.656854152679443,0.8841644729031085,1.3333333333333333,1.0,arabika
34.5,23.071067690849304,0.8145046579285985,0.6666666666666666,0.971830985915493,arabika
35.0,23.313708305358887,0.8091987282944626,1.0,0.9333333333333333,arabika
27.5,19.899494767189026,0.8726869015740993,0.75,0.9821428571428571,arabika
27.5,19.899494647979736,0.872686912029881,1.0,0.9821428571428571,arabika
28.5,19.899494767189026,0.9044209707222483,1.3333333333333333,1.0,arabika
27.5,19.899494767189026,0.8726869015740993,1.0,0.9649122807017544,arabika
25.5,19.071067690849304,0.8810489322064039,0.8571428571428571,0.9807692307692307,arabika
18.5,17.071067690849304,0.797737896300187,1.0,0.9487179487179487,arabika
21.5,17.899494767189026,0.843270249070409,1.1666666666666667,0.9555555555555556,arabika
21.5,17.899494767189026,0.843270249070409,0.8571428571428571,0.9555555555555556,arabika
19.5,17.071067690849304,0.8408588636677646,0.7142857142857143,0.975,arabika
20.0,16.485281229019165,0.9247985475540647,1.0,1.0,arabika
21.5,18.727921843528748,0.7703164059084023,1.3333333333333333,0.9347826086956522,arabika
23.0,19.313708305358887,0.7748298869364966,1.0,0.92,arabika
33.0,22.485281229019165,0.8202139593974218,0.6666666666666666,0.9705882352941176,arabika
37.0,24.14213538169861,0.7977379009850539,1.125,0.925,arabika
35.5,22.727921843528748,0.8636121874247382,1.2857142857142858,0.9726027397260274,arabika
38.0,24.14213538169861,0.8192983847954608,0.8888888888888888,0.95,arabika
37.5,23.899494767189026,0.8250185083082463,0.7777777777777778,0.9493670886075949,arabika
36.5,22.727921724319458,0.8879393006104455,1.0,0.9864864864864865,arabika
34.0,23.313708305358887,0.7860787646289066,1.2857142857142858,0.918918918918919,arabika
34.0,23.313708186149597,0.7860787726677728,1.0,0.9444444444444444,arabika
15.0,14.485281229019165,0.8983534921002858,0.8333333333333334,1.0,arabika
15.5,15.071067690849304,0.8575382908489095,1.2,0.96875,arabika
15.0,15.656854152679443,0.7689393938672696,0.8333333333333334,0.9375,arabika
16.0,15.313708305358887,0.8573716241035623,0.7142857142857143,1.0,arabika
15.5,15.071067690849304,0.8575382908489095,1.2,0.96875,arabika
15.0,14.485281229019165,0.8983534921002858,1.2,1.0,arabika
14.5,15.071067690849304,0.8022132398263994,0.8333333333333334,0.9666666666666667,arabika
25.0,19.313708305358887,0.842206398844018,0.75,0.9615384615384616,arabika
23.0,19.313708305358887,0.7748298869364966,1.0,0.9387755102040817,arabika
25.5,19.899494767189026,0.8092187632778012,1.3333333333333333,0.9444444444444444,arabika
22.5,19.071067690849304,0.7773961166527094,0.8571428571428571,0.9375,arabika
20.5,17.899494767189026,0.8040483770206226,0.625,0.9761904761904762,arabika
22.5,19.899494767189026,0.714016555833354,0.75,0.9,arabika
20.0,17.313708305358887,0.8384162108653561,0.625,1.0,arabika
18.5,17.899494767189026,0.7256046329210497,1.1666666666666667,0.9024390243902439,arabika
19.5,17.071067690849304,0.8408588636677646,1.4,0.975,arabika
19.5,17.55634880065918,0.7950163754447401,1.0,1.0,arabika
24.0,19.313708305358887,0.8085181428902574,0.75,0.9411764705882353,arabika
19.5,17.071067690849304,0.8408588636677646,1.0,0.975,arabika
25.0,19.313708305358887,0.842206398844018,0.75,0.9615384615384616,arabika
24.0,19.313708305358887,0.8085181428902574,1.0,0.9411764705882353,arabika
23.0,18.485281229019165,0.8458348514740116,1.6,1.0,arabika
23.0,19.313708305358887,0.7748298869364966,1.0,0.9583333333333334,arabika
25.5,19.899494767189026,0.8092187632778012,0.75,0.9444444444444444,arabika
25.5,19.899494767189026,0.8092187632778012,1.3333333333333333,0.9444444444444444,arabika
24.0,19.313708305358887,0.8085181428902574,1.0,0.9411764705882353,arabika
16.0,15.313708305358887,0.8573716241035623,1.4,1.0,arabika
13.0,14.485281229019165,0.7785730264869145,0.8333333333333334,0.9285714285714286,arabika
14.5,15.899494767189026,0.7207940915820329,1.0,0.8787878787878788,arabika
15.0,15.313708305358887,0.8037858975970896,1.4,0.967741935483871,arabika
12.5,14.242640614509583,0.77435275056413,1.0,0.9615384615384616,arabika
23.0,18.485281229019165,0.8458348514740116,0.8571428571428571,0.9583333333333334,arabika
21.0,17.656854152679443,0.8464523193398272,1.4,0.9767441860465116,arabika
22.5,18.727921843528748,0.8061450759506537,1.0,0.9574468085106383,arabika
24.0,19.313708305358887,0.8085181428902574,0.75,0.9411764705882353,arabika
20.5,17.071067690849304,0.8839798310353423,1.0,1.0,arabika
20.5,17.899494767189026,0.8040483770206226,1.1666666666666667,0.9318181818181818,arabika
29.0,21.656854152679443,0.7769930216421257,0.75,0.9354838709677419,arabika
29.0,21.313708305358887,0.8022132415188586,1.5,0.9508196721311475,arabika
31.0,22.14213526248932,0.7945707230961645,1.0,0.9538461538461539,arabika
28.0,21.313708305358887,0.7745507159492427,0.6666666666666666,0.9491525423728814,arabika
28.0,21.313708305358887,0.7745507159492427,0.875,0.9333333333333333,arabika
29.0,21.313708305358887,0.8022132415188586,1.5,0.9508196721311475,arabika
28.0,21.313708305358887,0.7745507159492427,0.875,0.9333333333333333,arabika
19.0,16.485281229019165,0.8785586201763613,0.7142857142857143,1.0,arabika
18.0,16.485281229019165,0.8323186927986581,1.0,0.9473684210526315,arabika
18.0,16.485281229019165,0.8323186927986581,1.4,0.972972972972973,arabika
19.0,17.656854152679443,0.7658378127360341,1.0,0.926829268292683,arabika
18.0,16.485281229019165,0.8323186927986581,1.0,0.9473684210526315,arabika
20.0,17.656854152679443,0.8061450660379307,1.4,0.9523809523809523,arabika
19.0,17.313708305358887,0.7964954003220882,1.1666666666666667,0.95,arabika
26.5,19.899494767189026,0.8409528324259502,0.75,0.9636363636363636,arabika
3.0,6.828427076339722,0.8085181381420814,1.0,1.0,arabika
17.5,16.242640614509583,0.8335557320298667,0.8333333333333334,0.9722222222222222,arabika
17.5,16.242640614509583,0.8335557320298667,1.2,0.9722222222222222,arabika
21.0,17.656854152679443,0.8464523193398272,1.4,1.0,arabika
20.0,17.656854152679443,0.8061450660379307,1.4,0.975609756097561,arabika
22.0,18.485281229019165,0.8090594231490545,1.1666666666666667,0.9565217391304348,arabika
20.0,17.656854152679443,0.8061450660379307,0.7142857142857143,0.9523809523809523,arabika
20.0,17.656854152679443,0.8061450660379307,1.0,0.9302325581395349,arabika
19.5,17.899494647979736,0.7648265151582102,1.6,0.975,arabika
24.0,18.485281109809875,0.8826102911826577,0.8571428571428571,1.0,arabika
12.5,14.242640614509583,0.77435275056413,0.6666666666666666,0.9615384615384616,arabika
18.5,17.071067690849304,0.797737896300187,1.4,0.9487179487179487,arabika
13.5,14.242640614509583,0.8363009706092603,0.6666666666666666,1.0,arabika
17.0,15.656854152679443,0.8714646463829057,1.2,1.0,arabika
17.0,15.656854152679443,0.8714646463829057,1.2,0.9714285714285714,arabika
19.0,17.656854152679443,0.7658378127360341,0.7142857142857143,0.95,arabika
19.5,17.071067690849304,0.8408588636677646,1.0,0.975,arabika
16.5,16.242640614509583,0.7859239759138743,1.75,1.0,arabika
12.0,13.656854152679443,0.8085181381420814,1.0,0.96,arabika
14.5,14.242640614509583,0.8982491906543908,1.0,1.0,arabika
18.0,16.485281229019165,0.8323186927986581,1.0,0.9473684210526315,arabika
33.0,22.485281229019165,0.8202139593974218,1.1428571428571428,0.9428571428571428,arabika
27.0,21.313708305358887,0.746888190379627,0.875,0.8852459016393442,arabika
12.0,13.656854152679443,0.8085181381420814,1.0,0.96,arabika
12.0,13.656854152679443,0.8085181381420814,1.0,0.96,arabika
13.5,14.242640614509583,0.8363009706092603,1.0,0.9642857142857143,arabika
16.5,17.071067690849304,0.7114959615650317,0.7142857142857143,0.8918918918918919,arabika
15.0,15.656854152679443,0.7689393938672696,0.8333333333333334,0.967741935483871,arabika
16.0,16.82842707633972,0.7099745750132767,1.75,1.0,arabika
20.5,17.071067690849304,0.8839798310353423,1.0,1.0,arabika
17.0,16.82842707633972,0.7543479859516065,0.8333333333333334,0.9444444444444444,arabika
22.0,18.485281229019165,0.8090594231490545,1.1666666666666667,0.9777777777777777,arabika
16.0,16.485281229019165,0.7398388380432517,1.4,0.9142857142857143,arabika
14.5,15.071067690849304,0.8022132398263994,1.2,0.9354838709677419,arabika
12.5,14.242640614509583,0.77435275056413,0.6666666666666666,0.9615384615384616,arabika
14.0,14.485281229019165,0.8384632592936002,0.8333333333333334,0.9655172413793104,arabika
12.0,14.0,0.7693696294505615,0.8,1.0,arabika
15.0,14.828427076339722,0.8572568253872993,1.0,1.0,arabika
10.5,12.242640614509583,0.8803370121606843,0.8,1.0,arabika
8.0,11.656854152679443,0.7398388372977943,1.25,0.9411764705882353,arabika
6.5,10.242640614509583,0.778573021914597,1.0,0.9285714285714286,arabika
17.0,15.656854152679443,0.8714646463829057,1.2,1.0,arabika
20.5,17.071067690849304,0.8839798310353423,1.0,0.9761904761904762,arabika
17.0,15.656854152679443,0.8714646463829057,1.2,1.0,arabika
21.5,19.899494767189026,0.6822824866852049,1.0,0.8775510204081632,arabika
19.5,17.071067690849304,0.8408588636677646,0.7142857142857143,0.975,arabika
21.0,17.656854152679443,0.8464523193398272,1.0,1.0,arabika
14.5,15.071067690849304,0.8022132398263994,1.2,0.9666666666666667,arabika
23.0,19.313708305358887,0.7748298869364966,1.0,0.92,arabika
18.5,17.071067690849304,0.797737896300187,0.7142857142857143,0.9487179487179487,arabika
14.5,14.242640614509583,0.8982491906543908,1.0,1.0,arabika
22.0,17.656854152679443,0.8867595726417237,1.0,0.9777777777777777,arabika
18.0,16.485281229019165,0.8323186927986581,1.0,0.9473684210526315,arabika
14.0,14.828427076339722,0.8001063703614795,0.6666666666666666,1.0,arabika
15.0,14.828427076339722,0.8572568253872993,1.0,1.0,arabika
18.5,17.071067690849304,0.797737896300187,1.4,0.9736842105263158,arabika
19.0,17.656854152679443,0.7658378127360341,1.0,0.926829268292683,arabika
19.5,17.899494767189026,0.7648265049708362,1.1666666666666667,0.9285714285714286,arabika
17.5,16.242640614509583,0.8335557320298667,1.2,1.0,arabika
18.5,16.242640614509583,0.881187488145859,0.8333333333333334,1.0,arabika
21.5,17.899494767189026,0.843270249070409,1.1666666666666667,0.9772727272727273,arabika
24.0,19.656854152679443,0.7805362454448591,1.6,0.96,arabika
23.5,19.071067690849304,0.8119470551706076,0.8571428571428571,0.9591836734693877,arabika
13.0,14.828427076339722,0.7429559153356595,0.6666666666666666,0.9629629629629629,arabika
14.5,16.242640614509583,0.6906604636818895,1.2,0.90625,arabika
15.0,15.656854152679443,0.7689393938672696,1.75,1.0,arabika
15.5,15.071067690849304,0.8575382908489095,1.2,1.0,arabika
17.5,17.071067690849304,0.7546169289326093,1.0,0.9210526315789473,arabika
18.0,16.82842707633972,0.7987213968899363,1.2,0.972972972972973,arabika
17.0,16.82842707633972,0.7543479859516065,0.8333333333333334,0.9444444444444444,arabika
14.0,14.485281229019165,0.8384632592936002,0.8333333333333334,0.9655172413793104,arabika
15.5,15.071067690849304,0.8575382908489095,1.2,0.96875,arabika
20.5,18.242640614509583,0.7740844086099381,1.4,0.9761904761904762,arabika
15.0,15.656854152679443,0.7689393938672696,0.5714285714285714,1.0,arabika
22.0,18.485281229019165,0.8090594231490545,1.6,0.9777777777777777,arabika
23.5,17.899494767189026,0.9217139931699821,1.1666666666666667,1.0,arabika
19.0,17.656854152679443,0.7658378127360341,1.0,0.9047619047619048,arabika
8.0,10.828427076339722,0.8573716100878628,1.0,1.0,arabika
8.5,11.071067690849304,0.8714646546573355,0.8,1.0,arabika
10.0,11.656854152679443,0.9247985466222429,1.25,1.0,arabika
20.0,17.656854152679443,0.8061450660379307,0.7142857142857143,0.9523809523809523,arabika
22.5,19.071067690849304,0.7773961166527094,1.1666666666666667,0.9574468085106383,arabika
30.5,21.899494767189026,0.7991743054141817,1.5,0.953125,arabika
16.5,15.899494647979736,0.8202139785824032,1.0,1.0,arabika
13.5,15.071067690849304,0.746888188803889,0.8333333333333334,0.9,arabika
13.5,14.242640614509583,0.8363009706092603,1.0,1.0,arabika
15.5,15.071067690849304,0.8575382908489095,1.2,1.0,arabika
15.0,14.828427076339722,0.8572568253872993,1.0,1.0,arabika
13.0,13.656854152679443,0.8758946496539216,1.0,0.9629629629629629,arabika
20.0,17.656854152679443,0.8061450660379307,0.7142857142857143,0.975609756097561,arabika
22.0,18.485281229019165,0.8090594231490545,1.1666666666666667,0.9565217391304348,arabika
26.0,20.485281229019165,0.778573021914597,1.3333333333333333,0.9285714285714286,arabika
19.0,16.485281229019165,0.8785586201763613,1.0,0.9743589743589743,arabika
20.0,17.313708305358887,0.8384162108653561,0.8571428571428571,0.975609756097561,arabika
18.5,16.242640614509583,0.881187488145859,1.2,1.0,arabika
13.0,14.485281229019165,0.7785730264869145,1.2,0.9285714285714286,arabika
14.0,14.485281229019165,0.8384632592936002,0.8333333333333334,0.9655172413793104,arabika
18.0,16.485281229019165,0.8323186927986581,1.0,0.972972972972973,arabika
18.5,15.899494767189026,0.9196338409839729,1.0,1.0,arabika
13.0,13.656854152679443,0.8758946496539216,1.0,0.9629629629629629,arabika
28.5,19.899494767189026,0.9044209707222483,0.75,1.0,arabika
26.5,20.727921843528748,0.7750758639943486,0.875,0.9298245614035088,arabika
29.5,21.071067690849304,0.8349467824386132,1.3333333333333333,0.9672131147540983,arabika
24.0,18.485281229019165,0.8826102797989687,0.8571428571428571,0.9795918367346939,arabika
30.0,21.313708305358887,0.8298757670884743,0.6666666666666666,0.967741935483871,arabika
26.5,20.727921724319458,0.7750758729094964,1.1428571428571428,0.9464285714285714,arabika
19.5,17.071067690849304,0.8408588636677646,1.4,0.975,arabika
13.5,14.242640614509583,0.8363009706092603,0.6666666666666666,1.0,arabika
15.5,15.899494767189026,0.7705040289325178,1.4,0.96875,arabika
17.0,16.485281109809875,0.7860787767896288,1.0,0.9714285714285714,arabika
19.0,16.485281229019165,0.8785586201763613,1.0,1.0,arabika
19.5,17.071067690849304,0.8408588636677646,0.7142857142857143,0.975,arabika
20.0,18.14213538169861,0.763594959227404,1.0,0.9302325581395349,arabika
22.0,19.313708186149597,0.7411416401317782,1.0,0.8979591836734694,arabika
19.5,17.071067690849304,0.8408588636677646,0.7142857142857143,0.975,arabika
18.0,17.313708305358887,0.7545745897788205,1.1666666666666667,0.9230769230769231,arabika
29.5,21.071067690849304,0.8349467824386132,1.3333333333333333,0.9833333333333333,arabika
30.0,20.485281229019165,0.8983534868245348,1.0,0.9836065573770492,arabika
24.5,19.899494767189026,0.777484694129652,0.75,0.9423076923076923,arabika
18.5,17.071067571640015,0.7977379074415837,1.0,0.9736842105263158,arabika
22.0,18.485281229019165,0.8090594231490545,1.6,0.9777777777777777,arabika
24.0,18.485281229019165,0.8826102797989687,0.8571428571428571,0.9795918367346939,arabika
20.5,18.242640614509583,0.7740844086099381,0.7142857142857143,0.9534883720930233,arabika
23.5,17.899494767189026,0.9217139931699821,1.1666666666666667,1.0,arabika
18.0,16.485281229019165,0.8323186927986581,1.0,0.972972972972973,arabika
19.5,17.071067690849304,0.8408588636677646,1.0,0.9512195121951219,arabika
14.5,15.071067690849304,0.8022132398263994,0.5714285714285714,1.0,arabika
19.5,17.071067690849304,0.8408588636677646,1.0,0.975,arabika
22.0,18.485281229019165,0.8090594231490545,1.6,0.9777777777777777,arabika
31.0,22.14213538169861,0.7945707145405116,1.0,0.9253731343283582,arabika
27.5,19.899494767189026,0.8726869015740993,0.75,0.9821428571428571,arabika
26.0,20.485281109809875,0.7785730309760432,1.3333333333333333,0.9629629629629629,arabika
31.0,21.313708305358887,0.8575382926580901,1.1428571428571428,0.9538461538461539,arabika
24.5,19.071067690849304,0.8464979936885056,0.8571428571428571,0.9607843137254902,arabika
31.0,21.313708305358887,0.8575382926580901,0.6666666666666666,0.9841269841269841,arabika
17.5,15.899494647979736,0.8699239166783063,1.0,1.0,arabika
22.5,19.899494767189026,0.714016555833354,1.3333333333333333,0.8823529411764706,arabika
21.5,17.899494767189026,0.843270249070409,0.8571428571428571,0.9772727272727273,arabika
15.5,15.071067690849304,0.8575382908489095,0.8333333333333334,0.96875,arabika
18.0,16.485281229019165,0.8323186927986581,1.0,0.9473684210526315,arabika
20.5,17.071067690849304,0.8839798310353423,1.4,1.0,arabika
19.5,17.071067690849304,0.8408588636677646,1.4,0.975,arabika
18.5,17.071067690849304,0.797737896300187,1.0,0.925,arabika
18.5,17.071067690849304,0.797737896300187,1.0,0.9487179487179487,arabika
29.0,21.313708305358887,0.8022132415188586,1.1428571428571428,0.9354838709677419,arabika
26.5,19.899494767189026,0.8409528324259502,1.0,0.9636363636363636,arabika
13.0,13.656854152679443,0.8758946496539216,1.0,0.9629629629629629,arabika
19.5,17.071067690849304,0.8408588636677646,1.4,0.975,arabika
25.0,20.485281229019165,0.7486279056871125,0.75,0.9259259259259259,arabika
23.0,18.485281229019165,0.8458348514740116,0.8571428571428571,0.9583333333333334,arabika
26.5,19.899494767189026,0.8409528324259502,1.0,0.9464285714285714,arabika
29.5,20.727921843528748,0.8628203014276711,1.1428571428571428,0.9672131147540983,arabika
20.5,17.071067690849304,0.8839798310353423,0.7142857142857143,1.0,arabika
24.0,18.485281229019165,0.8826102797989687,0.8571428571428571,0.9795918367346939,arabika
15.0,15.656854152679443,0.7689393938672696,1.75,0.967741935483871,arabika
12.5,13.071067690849304,0.9193857107025738,1.0,1.0,arabika
10.5,12.242640614509583,0.8803370121606843,0.8,1.0,arabika
17.0,16.485281229019165,0.786078765420955,1.0,0.9444444444444444,arabika
17.0,15.656854152679443,0.8714646463829057,1.2,0.9714285714285714,arabika
16.0,15.656854152679443,0.8202020201250876,1.2,0.9696969696969697,arabika
16.5,15.899494767189026,0.8202139662830029,0.7142857142857143,0.9705882352941176,arabika
16.5,15.899494767189026,0.8202139662830029,1.0,0.9428571428571428,arabika
21.0,18.485281229019165,0.7722839948240977,0.625,0.9545454545454546,arabika
16.5,15.899494767189026,0.8202139662830029,1.0,0.9705882352941176,arabika
15.5,15.071067690849304,0.8575382908489095,0.8333333333333334,0.96875,arabika
24.5,19.071067690849304,0.8464979936885056,0.8571428571428571,0.98,arabika
20.0,17.656854152679443,0.8061450660379307,1.0,0.9523809523809523,arabika
22.5,17.899494767189026,0.8824921211201956,0.8571428571428571,0.9782608695652174,arabika
21.5,17.899494767189026,0.843270249070409,1.1666666666666667,0.9772727272727273,arabika
26.0,19.313708186149597,0.8758946656102835,1.0,0.9811320754716981,arabika
18.5,17.071067690849304,0.797737896300187,0.7142857142857143,0.9487179487179487,arabika
28.0,20.485281229019165,0.8384632543695658,1.3333333333333333,0.9824561403508771,arabika
28.5,19.899494647979736,0.9044209815582401,1.0,1.0,arabika
20.0,17.656854152679443,0.8061450660379307,1.0,0.9302325581395349,arabika
24.0,19.313708305358887,0.8085181428902574,1.0,0.9411764705882353,arabika
30.5,21.071067690849304,0.8632500631992441,1.3333333333333333,1.0,arabika
29.0,20.485281229019165,0.8684083705970504,1.0,0.9666666666666667,arabika
20.0,18.485281229019165,0.7355085664991405,0.8571428571428571,0.8888888888888888,arabika
23.5,18.72792160511017,0.841973767430648,1.0,0.9791666666666666,arabika
26.0,19.313708305358887,0.8758946547977788,1.3333333333333333,0.9811320754716981,arabika
17.5,17.071067690849304,0.7546169289326093,1.4,0.9459459459459459,arabika
14.0,15.313708305358887,0.750200171090617,1.4,0.9333333333333333,arabika
10.5,13.071067690849304,0.772283996990162,1.0,0.9130434782608695,arabika
23.0,18.485281229019165,0.8458348514740116,1.1666666666666667,0.9583333333333334,arabika
13.0,13.656854152679443,0.8758946496539216,1.0,0.9629629629629629,arabika
13.5,14.242640614509583,0.8363009706092603,1.5,1.0,arabika
18.0,15.656854152679443,0.9227272726407235,1.2,1.0,arabika
15.5,15.071067690849304,0.8575382908489095,0.8333333333333334,0.96875,arabika
15.5,15.071067690849304,0.8575382908489095,0.8333333333333334,0.96875,arabika
16.5,15.071067690849304,0.9128633418714199,1.2,1.0,arabika
8.0,11.656854152679443,0.7398388372977943,1.25,0.9411764705882353,arabika
7.0,9.656854152679443,0.9432711667053002,1.0,1.0,arabika
21.0,17.656854152679443,0.8464523193398272,1.4,1.0,arabika
19.0,17.313708186149597,0.7964954112902356,1.1666666666666667,0.95,arabika
10.5,12.242640614509583,0.8803370121606843,0.8,1.0,arabika
14.5,15.071067690849304,0.8022132398263994,1.2,0.9354838709677419,arabika
15.0,14.485281229019165,0.8983534921002858,0.8333333333333334,1.0,arabika
14.0,15.656854152679443,0.7176767676094516,1.2,0.875,arabika
18.5,17.071067690849304,0.797737896300187,1.4,0.9487179487179487,arabika
14.0,14.485281229019165,0.8384632592936002,1.2,0.9655172413793104,arabika
14.0,14.485281229019165,0.8384632592936002,1.2,0.9655172413793104,arabika
10.0,11.656854152679443,0.9247985466222429,0.8,1.0,arabika
9.5,12.242640614509583,0.7964953919549047,1.25,1.0,arabika
11.5,13.41421353816986,0.8031141418478369,1.25,1.0,arabika
9.0,11.656854152679443,0.8323186919600186,0.8,1.0,arabika
12.0,14.485281229019165,0.7186827936802287,1.2,0.8888888888888888,arabika
10.5,13.071067690849304,0.772283996990162,0.6666666666666666,0.9545454545454546,arabika
12.5,15.071067690849304,0.6915631377813787,1.2,0.8620689655172413,arabika
13.0,13.656854152679443,0.8758946496539216,1.0,1.0,arabika
9.5,12.242640614509583,0.7964953919549047,0.8,1.0,arabika
14.5,15.071067690849304,0.8022132398263994,1.2,0.9354838709677419,arabika
14.0,14.828427076339722,0.8001063703614795,1.5,1.0,arabika
11.5,13.071067690849304,0.8458348538463678,1.0,1.0,arabika
18.5,17.071067690849304,0.797737896300187,1.4,0.9736842105263158,arabika
10.5,13.071067690849304,0.772283996990162,1.0,0.9545454545454546,arabika
10.5,12.242640614509583,0.8803370121606843,0.8,1.0,arabika
13.5,14.242640614509583,0.8363009706092603,1.5,1.0,arabika
10.5,12.242640614509583,0.8803370121606843,1.25,1.0,arabika
10.5,13.071067690849304,0.772283996990162,1.0,0.9130434782608695,arabika
14.0,14.485281229019165,0.8384632592936002,1.2,0.9655172413793104,arabika
11.5,14.242640614509583,0.7124045305189995,1.5,0.9583333333333334,arabika
12.0,13.656854152679443,0.8085181381420814,1.0,0.96,arabika
10.5,12.242640614509583,0.8803370121606843,0.8,1.0,arabika
13.5,15.071067690849304,0.746888188803889,1.2,0.9,arabika
9.5,12.242640614509583,0.7964953919549047,0.8,0.95,arabika
11.5,13.071067690849304,0.8458348538463678,1.0,0.9583333333333334,arabika
12.5,13.071067690849304,0.9193857107025738,1.0,1.0,arabika
17.0,15.656854152679443,0.8714646463829057,1.2,1.0,arabika
15.5,15.071067690849304,0.8575382908489095,1.2,1.0,arabika
8.0,10.828427076339722,0.8573716100878628,1.0,1.0,arabika
15.0,15.656854152679443,0.7689393938672696,1.2,0.967741935483871,arabika
11.5,13.071067690849304,0.8458348538463678,1.0,0.9583333333333334,arabika
16.0,16.485281109809875,0.73983884874318,1.4,0.9411764705882353,arabika
14.0,14.485281229019165,0.8384632592936002,1.2,0.9655172413793104,arabika
13.5,14.242640614509583,0.8363009706092603,1.5,1.0,arabika
15.0,15.656854152679443,0.7689393938672696,1.75,0.967741935483871,arabika
14.5,15.071067690849304,0.8022132398263994,1.2,0.9354838709677419,arabika
10.5,12.242640614509583,0.8803370121606843,0.8,1.0,arabika
13.0,14.485281229019165,0.7785730264869145,1.2,0.9285714285714286,arabika
13.5,14.242640614509583,0.8363009706092603,1.5,1.0,arabika
14.5,15.071067690849304,0.8022132398263994,0.8333333333333334,0.9666666666666667,arabika
16.5,16.242640614509583,0.7859239759138743,1.75,1.0,arabika
16.5,15.899494767189026,0.8202139662830029,1.0,0.9705882352941176,arabika
13.5,13.899494767189026,0.8781032888825036,1.2,1.0,arabika
11.0,12.828427076339722,0.8399544390775809,1.25,1.0,arabika
10.5,13.071067690849304,0.772283996990162,1.0,0.9545454545454546,arabika
17.5,16.242640614509583,0.8335557320298667,0.8333333333333334,0.9722222222222222,arabika
20.0,17.656854152679443,0.8061450660379307,1.0,0.9523809523809523,arabika
19.0,17.656854152679443,0.7658378127360341,1.4,0.9743589743589743,arabika
18.0,16.485281229019165,0.8323186927986581,1.0,0.9473684210526315,arabika
15.5,15.071067690849304,0.8575382908489095,0.8333333333333334,0.96875,arabika
15.0,15.656854152679443,0.7689393938672696,1.2,0.9375,arabika
14.5,15.071067690849304,0.8022132398263994,1.2,0.9354838709677419,arabika
9.5,12.242640614509583,0.7964953919549047,0.8,0.95,arabika
10.5,12.242640614509583,0.8803370121606843,0.8,1.0,arabika
12.0,13.656854152679443,0.8085181381420814,1.0,0.96,arabika
14.5,15.071067690849304,0.8022132398263994,1.2,0.9354838709677419,arabika
10.5,12.242640614509583,0.8803370121606843,1.25,1.0,arabika
9.0,11.656854152679443,0.8323186919600186,0.8,1.0,arabika
16.0,15.656854152679443,0.8202020201250876,1.2,1.0,arabika
14.5,15.071067690849304,0.8022132398263994,1.2,0.9666666666666667,arabika
17.0,15.656854152679443,0.8714646463829057,0.8333333333333334,1.0,arabika
17.5,16.242640614509583,0.8335557320298667,1.2,0.9722222222222222,arabika
17.0,16.485281229019165,0.786078765420955,1.0,0.9714285714285714,arabika
10.5,13.071067690849304,0.772283996990162,1.0,0.9130434782608695,arabika
10.5,12.242640614509583,0.8803370121606843,1.25,1.0,arabika
11.0,12.828427076339722,0.8399544390775809,1.25,1.0,arabika
13.0,13.656854152679443,0.8758946496539216,1.0,0.9629629629629629,arabika
17.0,17.656854152679443,0.6852233061322411,1.4,0.8947368421052632,arabika
18.0,16.485281109809875,0.8323187048360775,1.0,1.0,arabika
13.5,14.242640614509583,0.8363009706092603,0.6666666666666666,1.0,arabika
12.5,13.071067690849304,0.9193857107025738,1.0,1.0,arabika
14.0,13.656854152679443,0.9432711611657616,1.0,1.0,arabika
11.0,13.656854152679443,0.7411416266302412,1.0,0.9166666666666666,arabika
15.0,14.485281229019165,0.8983534921002858,1.2,1.0,arabika
15.5,15.071067690849304,0.8575382908489095,1.2,0.96875,arabika
8.5,11.071067690849304,0.8714646546573355,0.8,1.0,arabika
10.0,11.656854152679443,0.9247985466222429,1.25,1.0,arabika
11.0,12.485281229019165,0.8867595835457188,1.0,1.0,arabika
21.0,17.656854152679443,0.8464523193398272,1.4,1.0,arabika
18.5,17.071067690849304,0.797737896300187,1.0,0.925,arabika
16.0,17.313708305358887,0.6707329686922848,0.8571428571428571,0.8421052631578947,arabika
18.5,17.071067690849304,0.797737896300187,1.4,0.9487179487179487,arabika
21.0,18.485281229019165,0.7722839948240977,1.6,0.9545454545454546,arabika
20.0,17.313708305358887,0.8384162108653561,1.1666666666666667,0.975609756097561,arabika
15.5,15.071067690849304,0.8575382908489095,0.8333333333333334,0.96875,arabika
20.5,17.071067690849304,0.8839798310353423,1.4,1.0,arabika
22.0,18.485281229019165,0.8090594231490545,1.1666666666666667,0.9361702127659575,arabika
11.0,12.485281229019165,0.8867595835457188,1.0,1.0,arabika
8.5,11.071067690849304,0.8714646546573355,0.8,1.0,arabika
9.5,12.242640614509583,0.7964953919549047,0.8,0.95,arabika
20.0,17.656854152679443,0.8061450660379307,1.0,0.975609756097561,arabika
18.0,16.485281229019165,0.8323186927986581,1.0,0.9473684210526315,arabika
13.5,14.242640614509583,0.8363009706092603,1.5,1.0,arabika
15.0,14.485281229019165,0.8983534921002858,1.2,1.0,arabika
9.5,13.071067690849304,0.698733140133956,1.0,0.8636363636363636,arabika
10.5,13.071067690849304,0.772283996990162,1.0,0.9130434782608695,arabika
11.0,12.828427076339722,0.8399544390775809,1.25,1.0,arabika
13.0,13.656854152679443,0.8758946496539216,1.0,0.9629629629629629,arabika
15.5,15.071067690849304,0.8575382908489095,1.2,0.96875,arabika
22.0,18.485281229019165,0.8090594231490545,1.6,0.9777777777777777,arabika
20.0,16.485281229019165,0.9247985475540647,1.0,1.0,arabika
13.0,13.656854152679443,0.8758946496539216,1.0,1.0,arabika
16.5,15.071067690849304,0.9128633418714199,0.8333333333333334,1.0,arabika
17.0,16.485281229019165,0.786078765420955,1.4,0.9444444444444444,arabika
17.0,16.82842707633972,0.7543479859516065,1.75,1.0,arabika
9.5,12.242640614509583,0.7964953919549047,1.25,0.95,arabika
9.0,11.656854152679443,0.8323186919600186,0.8,1.0,arabika
9.0,11.656854152679443,0.8323186919600186,0.8,1.0,arabika
13.5,14.242640614509583,0.8363009706092603,1.5,1.0,arabika
11.0,12.485281229019165,0.8867595835457188,1.0,1.0,arabika
10.5,12.242640614509583,0.8803370121606843,0.8,1.0,arabika
17.0,15.656854152679443,0.8714646463829057,1.2,0.9714285714285714,arabika
6.0,10.0,0.7539822368615503,0.75,1.0,arabika
8.0,11.656854152679443,0.7398388372977943,1.25,0.9411764705882353,arabika
10.5,12.242640614509583,0.8803370121606843,1.25,1.0,arabika
12.5,13.899494767189026,0.813058600817133,0.8333333333333334,0.9615384615384616,arabika
11.5,13.071067690849304,0.8458348538463678,1.0,1.0,arabika
11.0,13.656854152679443,0.7411416266302412,1.0,0.9166666666666666,arabika
8.0,10.828427076339722,0.8573716100878628,1.0,1.0,arabika
21.5,19.071067690849304,0.7428451781348111,1.6,0.9347826086956522,arabika
14.5,15.071067690849304,0.8022132398263994,0.8333333333333334,0.9354838709677419,arabika
15.0,15.656854152679443,0.7689393938672696,1.2,0.967741935483871,arabika
11.5,13.071067690849304,0.8458348538463678,1.0,0.9583333333333334,arabika
11.5,13.071067690849304,0.8458348538463678,1.0,0.9583333333333334,arabika
11.0,12.485281229019165,0.8867595835457188,1.0,1.0,arabika
17.5,15.899494767189026,0.8699239036334878,1.0,0.9722222222222222,arabika
14.5,14.242640614509583,0.8982491906543908,1.0,1.0,arabika
19.0,16.485281229019165,0.8785586201763613,1.0,0.9743589743589743,arabika
22.5,18.727921724319458,0.8061450862134029,1.0,0.9574468085106383,arabika
16.0,15.656854152679443,0.8202020201250876,1.2,0.9696969696969697,arabika
18.5,17.071067690849304,0.797737896300187,1.4,0.9487179487179487,arabika
12.0,13.656854152679443,0.8085181381420814,1.0,0.96,arabika
9.5,12.242640614509583,0.7964953919549047,0.8,0.95,arabika
18.5,19.071067690849304,0.6391923625811166,1.6,0.8604651162790697,arabika
19.5,17.071067690849304,0.8408588636677646,1.0,0.975,arabika
17.5,16.242640614509583,0.8335557320298667,0.8333333333333334,0.9722222222222222,arabika
8.0,10.828427076339722,0.8573716100878628,1.0,1.0,arabika
10.5,12.242640614509583,0.8803370121606843,1.25,1.0,arabika
10.5,12.242640614509583,0.8803370121606843,0.8,1.0,arabika
13.0,13.656854152679443,0.8758946496539216,1.0,0.9629629629629629,arabika
15.0,14.485281229019165,0.8983534921002858,1.2,1.0,arabika
15.5,15.071067690849304,0.8575382908489095,1.2,1.0,arabika
44.0,25.313708305358887,0.8628811819610296,0.8888888888888888,0.9565217391304348,arabika
17.0,15.656854152679443,0.8714646463829057,1.2,1.0,liberika
11.5,13.071067690849304,0.8458348538463678,1.0,0.9583333333333334,liberika
7.0,10.828427076339722,0.75020015882688,1.0,0.9333333333333333,liberika
9.5,12.242640614509583,0.7964953919549047,1.25,1.0,liberika
12.5,15.071067690849304,0.6915631377813787,1.75,0.9615384615384616,liberika
8.0,10.828427076339722,0.8573716100878628,1.0,1.0,liberika
6.0,10.0,0.7539822368615503,0.75,1.0,liberika
11.0,12.828427076339722,0.8399544390775809,1.25,1.0,liberika
9.5,13.41421353816986,0.6634421171786479,1.25,0.9047619047619048,liberika
8.0,10.828427076339722,0.8573716100878628,1.0,1.0,liberika
4.5,8.242640614509583,0.8323186927986581,0.75,1.0,liberika
9.0,11.656854152679443,0.8323186919600186,1.25,1.0,liberika
9.5,12.242640614509583,0.7964953919549047,0.8,0.95,liberika
9.5,12.242640614509583,0.7964953919549047,0.8,0.95,liberika
10.0,12.828427076339722,0.7635949446159828,1.25,0.9523809523809523,liberika
14.0,14.828427076339722,0.8001063703614795,1.5,1.0,liberika
11.5,13.071067690849304,0.8458348538463678,1.0,0.9583333333333334,liberika
7.5,11.41421353816986,0.7234010606573869,0.6,1.0,liberika
11.5,13.41421353816986,0.8031141418478369,1.25,1.0,liberika
12.0,14.0,0.7693696294505615,1.25,1.0,liberika
13.5,14.242640614509583,0.8363009706092603,1.0,0.9642857142857143,liberika
7.0,10.828427076339722,0.75020015882688,0.6,1.0,liberika
11.5,14.242640614509583,0.7124045305189995,1.5,0.92,liberika
12.5,14.242640614509583,0.77435275056413,1.5,1.0,liberika
7.0,10.828427076339722,0.75020015882688,0.6,1.0,liberika
6.0,10.0,0.7539822368615503,1.3333333333333333,1.0,liberika
17.0,16.82842707633972,0.7543479859516065,1.75,1.0,liberika
19.0,17.313708305358887,0.7964954003220882,1.1666666666666667,0.95,liberika
7.0,10.828427076339722,0.75020015882688,0.6,1.0,liberika
8.0,11.656854152679443,0.7398388372977943,1.25,0.8888888888888888,liberika
7.0,10.828427076339722,0.75020015882688,1.6666666666666667,1.0,liberika
8.0,11.656854152679443,0.7398388372977943,1.25,0.9411764705882353,liberika
13.0,15.656854152679443,0.6664141413516338,1.2,0.8666666666666667,liberika
14.0,14.828427076339722,0.8001063703614795,1.5,1.0,liberika
8.0,10.828427076339722,0.8573716100878628,1.0,1.0,liberika
8.5,11.071067690849304,0.8714646546573355,1.25,1.0,liberika
13.0,14.828427076339722,0.7429559153356595,1.5,1.0,liberika
13.0,13.656854152679443,0.8758946496539216,1.0,1.0,liberika
18.0,17.656854152679443,0.7255305594341376,1.4,0.9230769230769231,liberika
15.5,16.242640614509583,0.7382922197978818,1.75,1.0,liberika
15.0,14.485281229019165,0.8983534921002858,0.8333333333333334,1.0,liberika
10.0,12.828427076339722,0.7635949446159828,0.8,0.9523809523809523,liberika
11.0,12.828427076339722,0.8399544390775809,1.25,1.0,liberika
16.0,16.485281229019165,0.7398388380432517,1.0,0.9411764705882353,liberika
12.5,14.242640614509583,0.77435275056413,1.5,0.9615384615384616,liberika
13.0,13.656854152679443,0.8758946496539216,1.0,1.0,liberika
10.0,12.828427076339722,0.7635949446159828,1.25,0.9523809523809523,liberika
9.5,13.41421353816986,0.6634421171786479,2.0,1.0,liberika
9.0,11.656854152679443,0.8323186919600186,1.25,1.0,liberika
12.5,15.071067690849304,0.6915631377813787,0.8333333333333334,0.8620689655172413,liberika
14.0,14.828427076339722,0.8001063703614795,1.5,1.0,liberika
10.5,12.242640614509583,0.8803370121606843,1.25,1.0,liberika
8.0,10.828427076339722,0.8573716100878628,1.0,1.0,liberika
11.0,12.828427076339722,0.8399544390775809,1.25,1.0,liberika
12.5,14.242640614509583,0.77435275056413,1.5,1.0,liberika
11.0,13.656854152679443,0.7411416266302412,1.0,0.9565217391304348,liberika
8.0,10.828427076339722,0.8573716100878628,1.0,1.0,liberika
8.5,12.242640614509583,0.7126537717491254,1.25,0.9444444444444444,liberika
8.0,10.828427076339722,0.8573716100878628,1.0,1.0,liberika
7.0,10.828427076339722,0.75020015882688,0.6,1.0,liberika
14.0,14.485281229019165,0.8384632592936002,1.2,1.0,liberika
10.5,14.242640614509583,0.6504563104738692,1.5,0.9130434782608695,liberika
10.5,12.242640614509583,0.8803370121606843,0.8,1.0,liberika
13.0,14.828427076339722,0.7429559153356595,1.5,0.9629629629629629,liberika
8.0,11.656854152679443,0.7398388372977943,1.25,0.9411764705882353,liberika
6.0,10.0,0.7539822368615503,0.75,1.0,liberika
11.0,12.828427076339722,0.8399544390775809,1.25,1.0,liberika
8.5,11.41421353816986,0.8198545354117053,1.0,1.0,liberika
12.5,13.899494767189026,0.813058600817133,0.8333333333333334,0.9615384615384616,liberika
10.5,14.242640614509583,0.6504563104738692,1.5,0.875,liberika
18.5,17.071067690849304,0.797737896300187,1.4,0.9736842105263158,liberika
7.5,11.41421353816986,0.7234010606573869,1.0,0.9375,liberika
8.0,11.656854152679443,0.7398388372977943,0.8,0.8888888888888888,liberika
8.5,11.41421353816986,0.8198545354117053,1.0,1.0,liberika
8.5,12.242640614509583,0.7126537717491254,1.25,0.8947368421052632,liberika
11.0,12.828427076339722,0.8399544390775809,0.8,1.0,liberika
10.0,13.656854152679443,0.6737651151184011,1.5,0.9090909090909091,liberika
13.5,15.071067690849304,0.746888188803889,1.75,0.9642857142857143,liberika
15.5,15.071067690849304,0.8575382908489095,1.2,1.0,liberika
16.5,16.242640614509583,0.7859239759138743,1.2,0.9428571428571428,liberika
15.0,15.656854152679443,0.7689393938672696,1.2,0.9375,liberika
17.0,16.485281229019165,0.786078765420955,1.0,0.9444444444444444,liberika
10.5,13.899494767189026,0.6829692246863918,0.8333333333333334,0.875,liberika
17.0,15.656854152679443,0.8714646463829057,1.2,1.0,liberika
8.5,11.41421353816986,0.8198545354117053,1.0,1.0,liberika
13.5,14.242640614509583,0.8363009706092603,1.0,0.9642857142857143,liberika
18.5,17.071067690849304,0.797737896300187,1.0,0.9487179487179487,liberika
14.0,14.828427076339722,0.8001063703614795,0.6666666666666666,1.0,liberika
14.5,15.071067690849304,0.8022132398263994,1.2,0.9666666666666667,liberika
17.5,15.899494767189026,0.8699239036334878,1.4,1.0,liberika
14.5,14.242640614509583,0.8982491906543908,1.0,1.0,liberika
14.5,15.41421353816986,0.7668936186867932,0.6666666666666666,1.0,liberika
16.5,16.242640614509583,0.7859239759138743,1.75,1.0,liberika
11.0,12.828427076339722,0.8399544390775809,1.25,1.0,liberika
14.0,14.485281229019165,0.8384632592936002,1.2,0.9655172413793104,liberika
14.0,15.656854152679443,0.7176767676094516,1.2,0.875,liberika
14.0,15.656854152679443,0.7176767676094516,1.2,0.9333333333333333,liberika
9.0,12.828427076339722,0.6872354501543845,0.5,1.0,liberika
13.5,14.242640614509583,0.8363009706092603,1.5,1.0,liberika
12.5,14.242640614509583,0.77435275056413,1.5,1.0,liberika
11.0,12.828427076339722,0.8399544390775809,0.8,1.0,liberika
11.5,13.071067690849304,0.8458348538463678,1.0,0.9583333333333334,liberika
11.5,13.071067690849304,0.8458348538463678,1.0,1.0,liberika
14.0,14.485281229019165,0.8384632592936002,1.2,0.9655172413793104,liberika
13.0,13.656854152679443,0.8758946496539216,1.0,1.0,liberika
13.0,13.656854152679443,0.8758946496539216,1.0,0.9629629629629629,liberika
13.5,14.242640614509583,0.8363009706092603,1.5,1.0,liberika
14.0,14.828427076339722,0.8001063703614795,1.5,1.0,liberika
13.5,14.242640614509583,0.8363009706092603,1.0,0.9642857142857143,liberika
14.0,14.828427076339722,0.8001063703614795,1.5,1.0,liberika
13.5,14.242640614509583,0.8363009706092603,1.0,0.9642857142857143,liberika
12.5,13.899494767189026,0.813058600817133,0.8333333333333334,0.9615384615384616,liberika
14.5,15.071067690849304,0.8022132398263994,1.2,0.9354838709677419,liberika
14.0,14.828427076339722,0.8001063703614795,1.5,1.0,liberika
21.0,18.485281109809875,0.7722840047848255,1.1666666666666667,0.9545454545454546,liberika
18.5,16.242640614509583,0.881187488145859,0.8333333333333334,1.0,liberika
24.5,19.071067690849304,0.8464979936885056,1.1666666666666667,0.98,liberika
15.5,15.071067690849304,0.8575382908489095,1.2,1.0,liberika
12.5,14.242640614509583,0.77435275056413,1.0,0.9259259259259259,liberika
12.0,13.656854152679443,0.8085181381420814,1.5,0.96,liberika
13.0,14.485281229019165,0.7785730264869145,0.8333333333333334,0.9285714285714286,liberika
16.5,16.242640614509583,0.7859239759138743,1.2,0.9428571428571428,liberika
19.5,18.242640614509583,0.7363241935557948,1.4,0.9512195121951219,liberika
6.5,10.242640614509583,0.778573021914597,1.0,0.9285714285714286,liberika
8.5,11.071067690849304,0.8714646546573355,0.8,1.0,liberika
8.0,12.0,0.6981317007977318,1.6666666666666667,1.0,liberika
14.0,14.828427076339722,0.8001063703614795,1.5,1.0,liberika
15.0,16.485281229019165,0.6935989106655485,1.0,0.8571428571428571,liberika
13.0,14.485281229019165,0.7785730264869145,0.8333333333333334,0.9285714285714286,liberika
17.0,15.656854152679443,0.8714646463829057,1.2,1.0,liberika
20.0,17.656854152679443,0.8061450660379307,1.4,0.975609756097561,liberika
18.5,17.071067690849304,0.797737896300187,1.0,0.925,liberika
10.5,12.242640614509583,0.8803370121606843,1.25,1.0,liberika
17.5,16.242640614509583,0.8335557320298667,1.2,0.9722222222222222,liberika
14.0,13.656854152679443,0.9432711611657616,1.0,1.0,liberika
16.5,15.071067690849304,0.9128633418714199,1.2,1.0,liberika
16.0,15.656854152679443,0.8202020201250876,1.2,0.9696969696969697,liberika
16.5,16.242640614509583,0.7859239759138743,0.8333333333333334,0.9705882352941176,liberika
12.5,14.242640614509583,0.77435275056413,1.5,0.9615384615384616,liberika
18.5,17.071067690849304,0.797737896300187,1.4,0.9487179487179487,liberika
17.0,16.485281229019165,0.786078765420955,1.0,0.9444444444444444,liberika
13.0,13.656854152679443,0.8758946496539216,0.6666666666666666,1.0,liberika
13.0,13.656854152679443,0.8758946496539216,1.0,1.0,liberika
13.0,14.828427076339722,0.7429559153356595,1.5,0.9629629629629629,liberika
11.0,12.828427076339722,0.8399544390775809,1.25,1.0,liberika
10.5,12.242640614509583,0.8803370121606843,1.25,1.0,liberika
13.5,14.242640614509583,0.8363009706092603,1.5,1.0,liberika
12.0,13.656854152679443,0.8085181381420814,1.0,0.96,liberika
9.5,12.242640614509583,0.7964953919549047,0.8,0.95,liberika
13.5,14.242640614509583,0.8363009706092603,1.5,1.0,liberika
15.0,15.656854152679443,0.7689393938672696,1.75,1.0,liberika
15.0,16.485281229019165,0.6935989106655485,1.0,0.8823529411764706,liberika
13.0,13.656854152679443,0.8758946496539216,1.0,1.0,liberika
12.5,14.242640614509583,0.77435275056413,1.5,0.9615384615384616,liberika
13.5,14.242640614509583,0.8363009706092603,1.0,1.0,liberika
11.0,13.656854152679443,0.7411416266302412,1.0,0.9166666666666666,liberika
12.5,14.242640614509583,0.77435275056413,1.5,1.0,liberika
14.0,15.656854152679443,0.7176767676094516,1.75,1.0,liberika
13.0,14.485281229019165,0.7785730264869145,1.2,0.9629629629629629,liberika
14.5,15.071067690849304,0.8022132398263994,0.8333333333333334,0.9354838709677419,liberika
17.0,16.485281229019165,0.786078765420955,1.4,0.9444444444444444,liberika
19.5,17.899494767189026,0.7648265049708362,1.1666666666666667,0.9512195121951219,liberika
14.5,14.242640614509583,0.8982491906543908,1.0,1.0,liberika
15.5,15.071067690849304,0.8575382908489095,1.2,0.96875,liberika
13.5,14.242640614509583,0.8363009706092603,1.0,0.9642857142857143,liberika
12.0,13.656854152679443,0.8085181381420814,1.0,0.9230769230769231,liberika
11.0,13.656854152679443,0.7411416266302412,1.5,0.9166666666666666,liberika
9.5,13.071067690849304,0.698733140133956,1.0,0.9047619047619048,liberika
8.0,10.828427076339722,0.8573716100878628,1.0,1.0,liberika
15.5,15.071067690849304,0.8575382908489095,1.2,0.96875,liberika
19.0,17.656854152679443,0.7658378127360341,1.4,0.926829268292683,liberika
17.0,16.485281229019165,0.786078765420955,1.0,0.918918918918919,liberika
12.0,13.656854152679443,0.8085181381420814,1.0,0.96,liberika
18.0,16.485281229019165,0.8323186927986581,1.4,0.972972972972973,liberika
19.5,17.071067690849304,0.8408588636677646,1.4,0.975,liberika
13.0,13.656854152679443,0.8758946496539216,1.0,1.0,liberika
21.0,17.656854152679443,0.8464523193398272,0.7142857142857143,0.9767441860465116,liberika
20.5,17.899494528770447,0.80404839844023,0.8571428571428571,1.0,liberika
20.5,19.899494767189026,0.6505484175370557,1.3333333333333333,0.8367346938775511,liberika
29.0,21.313708305358887,0.8022132415188586,0.875,0.9508196721311475,liberika
28.0,21.313708305358887,0.7745507159492427,0.6666666666666666,0.9333333333333333,liberika
17.0,16.485281229019165,0.786078765420955,1.4,0.9444444444444444,liberika
19.5,17.071067690849304,0.8408588636677646,0.7142857142857143,0.975,liberika
25.5,19.899494528770447,0.8092187826685237,0.75,1.0,liberika
11.5,15.41421353816986,0.6082259734412497,0.42857142857142855,1.0,liberika
15.5,17.071067690849304,0.6683749941974539,1.4,0.9393939393939394,liberika
16.5,15.899494767189026,0.8202139662830029,1.0,0.9705882352941176,liberika
16.5,16.242640614509583,0.7859239759138743,0.8333333333333334,0.9428571428571428,liberika
14.5,15.071067690849304,0.8022132398263994,1.2,0.9666666666666667,liberika
17.5,16.242640614509583,0.8335557320298667,0.8333333333333334,0.9722222222222222,liberika
20.5,17.071067690849304,0.8839798310353423,1.0,1.0,liberika
17.0,16.82842707633972,0.7543479859516065,1.75,1.0,liberika
18.5,17.071067571640015,0.7977379074415837,1.0,1.0,liberika
18.5,17.071067571640015,0.7977379074415837,1.0,1.0,liberika
13.0,15.656854152679443,0.6664141413516338,1.75,0.896551724137931,liberika
11.0,13.656854152679443,0.7411416266302412,1.5,1.0,liberika
10.0,14.0,0.641141357875468,0.5,1.0,liberika
15.5,15.071067690849304,0.8575382908489095,0.8333333333333334,1.0,liberika
15.5,16.242640614509583,0.7382922197978818,1.75,1.0,liberika
15.0,15.656854152679443,0.7689393938672696,1.2,0.967741935483871,liberika
12.5,14.242640614509583,0.77435275056413,0.6666666666666666,0.9615384615384616,liberika
12.5,14.242640614509583,0.77435275056413,1.5,1.0,liberika
12.5,14.242640614509583,0.77435275056413,1.5,1.0,liberika
16.5,16.242640614509583,0.7859239759138743,1.2,0.9705882352941176,liberika
14.0,14.828427076339722,0.8001063703614795,0.6666666666666666,1.0,liberika
15.0,15.656854152679443,0.7689393938672696,1.2,0.967741935483871,liberika
18.5,17.071067690849304,0.797737896300187,0.7142857142857143,0.9736842105263158,liberika
17.0,16.82842707633972,0.7543479859516065,0.5714285714285714,1.0,liberika
31.5,22.727921843528748,0.7663037719402607,1.0,0.9402985074626866,liberika
33.0,22.485281229019165,0.8202139593974218,1.5,0.9705882352941176,liberika
32.5,22.727921724319458,0.7906308841051911,1.0,0.9558823529411765,liberika
17.0,16.485281229019165,0.786078765420955,0.7142857142857143,0.9444444444444444,liberika
18.5,17.071067690849304,0.797737896300187,1.0,0.9487179487179487,liberika
21.0,17.656854152679443,0.8464523193398272,1.4,0.9767441860465116,liberika
26.0,19.656854152679443,0.8455809325652641,0.625,1.0,liberika
28.5,19.899494647979736,0.9044209815582401,1.0,1.0,liberika
19.0,17.656854152679443,0.7658378127360341,1.4,0.926829268292683,liberika
17.0,15.656854152679443,0.8714646463829057,0.8333333333333334,1.0,liberika
16.0,15.656854152679443,0.8202020201250876,0.5714285714285714,1.0,liberika
15.0,16.0,0.7363107781851077,1.5,1.0,liberika
19.5,17.071067690849304,0.8408588636677646,1.0,0.975,liberika
16.5,16.242640614509583,0.7859239759138743,0.5714285714285714,1.0,liberika
17.0,16.485281109809875,0.7860787767896288,1.0,0.9714285714285714,liberika
16.5,16.242640614509583,0.7859239759138743,1.75,1.0,liberika
14.5,15.071067690849304,0.8022132398263994,0.8333333333333334,0.9354838709677419,liberika
17.5,15.899494767189026,0.8699239036334878,0.7142857142857143,1.0,liberika
8.0,12.0,0.6981317007977318,1.6666666666666667,1.0,liberika
9.5,12.242640614509583,0.7964953919549047,1.25,1.0,liberika
7.5,11.41421353816986,0.7234010606573869,0.6,1.0,liberika
14.0,15.656854152679443,0.7176767676094516,1.2,0.9333333333333333,liberika
13.0,14.828427076339722,0.7429559153356595,1.5,0.9629629629629629,liberika
14.5,15.899494647979736,0.7207941023905967,1.0,0.9666666666666667,liberika
22.5,19.071067690849304,0.7773961166527094,0.625,0.9574468085106383,liberika
22.0,18.485281109809875,0.8090594335841027,1.1666666666666667,0.9777777777777777,liberika
24.5,19.071067690849304,0.8464979936885056,0.625,1.0,liberika
11.5,13.41421353816986,0.8031141418478369,1.25,1.0,liberika
8.5,11.41421353816986,0.8198545354117053,1.0,1.0,liberika
11.0,12.828427076339722,0.8399544390775809,0.8,1.0,liberika
12.0,13.656854152679443,0.8085181381420814,1.0,1.0,liberika
11.5,15.41421353816986,0.6082259734412497,2.3333333333333335,1.0,liberika
13.5,15.071067690849304,0.746888188803889,1.2,0.9310344827586207,liberika
10.0,14.0,0.641141357875468,0.5,1.0,liberika
11.0,13.656854152679443,0.7411416266302412,1.0,0.9565217391304348,liberika
11.0,13.656854152679443,0.7411416266302412,1.5,0.9166666666666666,liberika
19.5,17.899494647979736,0.7648265151582102,0.8571428571428571,0.975,liberika
21.5,19.071067690849304,0.7428451781348111,0.625,0.9347826086956522,liberika
19.0,18.485281109809875,0.6987331471862706,1.1666666666666667,0.95,liberika
15.5,16.242640614509583,0.7382922197978818,1.75,0.96875,liberika
13.5,16.242640614509583,0.6430287075658971,0.5714285714285714,0.9,liberika
15.0,14.828427076339722,0.8572568253872993,1.0,1.0,liberika
16.5,15.071067690849304,0.9128633418714199,1.2,1.0,liberika
16.5,15.071067690849304,0.9128633418714199,1.2,1.0,liberika
18.0,17.656854152679443,0.7255305594341376,1.4,0.9,liberika
13.0,13.656854152679443,0.8758946496539216,1.0,1.0,liberika
12.0,14.0,0.7693696294505615,0.8,1.0,liberika
22.5,19.899494767189026,0.714016555833354,1.0,0.9183673469387755,liberika
21.5,19.071067690849304,0.7428451781348111,0.625,0.9347826086956522,liberika
17.0,16.82842707633972,0.7543479859516065,0.5714285714285714,1.0,liberika
28.5,21.071067690849304,0.8066435016779822,0.5555555555555556,1.0,liberika
30.0,21.313708305358887,0.8298757670884743,1.1428571428571428,0.9836065573770492,liberika
30.5,21.899494767189026,0.7991743054141817,1.5,0.953125,liberika
41.0,24.485281229019165,0.8593766071092392,0.7777777777777778,0.9761904761904762,liberika
41.0,24.485281229019165,0.8593766071092392,1.0,0.9647058823529412,liberika
29.5,21.071067690849304,0.8349467824386132,1.3333333333333333,0.9672131147540983,liberika
28.5,20.727921843528748,0.8335721556165635,1.1428571428571428,0.9661016949152542,liberika
30.5,21.071067690849304,0.8632500631992441,0.75,0.9838709677419355,liberika
31.0,21.313708066940308,0.8575383118432138,0.875,0.9841269841269841,liberika
21.0,17.656854152679443,0.8464523193398272,0.7142857142857143,0.9767441860465116,liberika
22.0,18.485281229019165,0.8090594231490545,1.1666666666666667,0.9777777777777777,liberika
29.0,21.313708305358887,0.8022132415188586,1.1428571428571428,0.9508196721311475,liberika
27.0,20.485281229019165,0.8085181381420813,0.75,0.9473684210526315,liberika
26.5,19.899494767189026,0.8409528324259502,1.0,0.9464285714285714,liberika
25.0,18.485281229019165,0.9193857081239257,1.1666666666666667,1.0,liberika
27.0,19.313708305358887,0.9095829107515394,1.0,0.9818181818181818,liberika
20.5,17.071067690849304,0.8839798310353423,1.0,1.0,liberika
22.0,18.485281229019165,0.8090594231490545,1.1666666666666667,0.9361702127659575,liberika
22.0,18.485281229019165,0.8090594231490545,0.625,0.9777777777777777,liberika
26.0,19.656854152679443,0.8455809325652641,1.6,1.0,liberika
28.0,20.485281109809875,0.8384632641280465,1.0,0.9824561403508771,liberika
26.0,19.656854152679443,0.8455809325652641,0.625,1.0,liberika
22.5,18.242640614509583,0.8496048387182248,1.4,1.0,liberika
24.0,18.485281229019165,0.8826102797989687,1.1666666666666667,0.9795918367346939,liberika
39.5,23.899494767189026,0.8690194954180195,0.7777777777777778,0.9753086419753086,liberika
39.5,23.899494767189026,0.8690194954180195,1.0,0.9753086419753086,liberika
35.0,22.485281229019165,0.8699238963305989,1.5,1.0,liberika
25.5,19.899494767189026,0.8092187632778012,1.0,0.9622641509433962,liberika
28.0,20.485281229019165,0.8384632543695658,0.75,0.9655172413793104,liberika
25.5,19.071067690849304,0.8810489322064039,0.8571428571428571,1.0,liberika
24.5,19.071067690849304,0.8464979936885056,1.6,1.0,liberika
28.0,20.485281229019165,0.8384632543695658,1.0,0.9491525423728814,liberika
26.5,19.071067690849304,0.9155998707243022,1.1666666666666667,1.0,liberika
28.5,19.899494647979736,0.9044209815582401,1.0,1.0,liberika
26.5,19.071067690849304,0.9155998707243022,0.8571428571428571,1.0,liberika
35.0,23.313708305358887,0.8091987282944626,1.0,0.9459459459459459,liberika
34.0,23.313708305358887,0.7860787646289066,0.6,0.9714285714285714,liberika
34.0,22.485281229019165,0.8450689278640103,1.5,0.9855072463768116,liberika
33.5,21.899494767189026,0.8777816141434455,0.6666666666666666,1.0,liberika
31.0,21.313708305358887,0.8575382926580901,1.1428571428571428,0.96875,liberika
30.5,21.071067690849304,0.8632500631992441,1.3333333333333333,0.9838709677419355,liberika
29.0,20.485281229019165,0.8684083705970504,1.0,0.9666666666666667,liberika
25.5,19.071067690849304,0.8810489322064039,0.8571428571428571,0.9807692307692307,liberika
26.5,19.899494767189026,0.8409528324259502,1.0,0.9464285714285714,liberika
23.0,18.485281229019165,0.8458348514740116,1.1666666666666667,0.9583333333333334,liberika
22.0,17.656854152679443,0.8867595726417237,0.7142857142857143,1.0,liberika
26.0,19.313708186149597,0.8758946656102835,1.0,0.9811320754716981,liberika
30.0,20.485281229019165,0.8983534868245348,1.3333333333333333,1.0,liberika
26.5,19.899494767189026,0.8409528324259502,1.0,0.9636363636363636,liberika
30.0,21.313708305358887,0.8298757670884743,0.6666666666666666,0.967741935483871,liberika
36.0,23.313708186149597,0.8323187004717595,1.0,0.96,liberika
34.0,22.485281229019165,0.8450689278640103,1.5,0.9855072463768116,liberika
32.5,21.899494767189026,0.8515791779003574,1.1428571428571428,0.9701492537313433,liberika
23.5,19.071067690849304,0.8119470551706076,0.625,0.9791666666666666,liberika
22.5,18.727921843528748,0.8061450759506537,1.0,0.9574468085106383,liberika
23.0,18.485281229019165,0.8458348514740116,1.6,1.0,liberika
29.0,21.313708305358887,0.8022132415188586,1.1428571428571428,0.9354838709677419,liberika
30.5,21.071067690849304,0.8632500631992441,0.75,0.9838709677419355,liberika
30.0,21.313708305358887,0.8298757670884743,1.1428571428571428,0.9523809523809523,liberika
26.0,19.656854152679443,0.8455809325652641,1.6,1.0,liberika
26.5,19.899494647979736,0.8409528425015217,0.75,0.9814814814814815,liberika
30.0,21.313708305358887,0.8298757670884743,0.875,0.9523809523809523,liberika
28.5,19.899494767189026,0.9044209707222483,1.3333333333333333,1.0,liberika
40.5,23.899494767189026,0.891019988972906,0.7777777777777778,0.9878048780487805,liberika
38.0,24.485281229019165,0.7964953919549047,1.2857142857142858,0.9382716049382716,liberika
24.5,19.071067690849304,0.8464979936885056,0.8571428571428571,0.98,liberika
24.5,19.071067690849304,0.8464979936885056,0.8571428571428571,0.9607843137254902,liberika
25.0,18.485281229019165,0.9193857081239257,1.1666666666666667,1.0,liberika
32.5,22.727921724319458,0.7906308841051911,1.0,0.9558823529411765,liberika
31.5,21.899494767189026,0.8253767416572696,0.6666666666666666,0.9692307692307692,liberika
36.5,22.727921724319458,0.8879393006104455,1.0,0.9864864864864865,liberika
27.0,20.485281229019165,0.8085181381420813,0.75,0.9473684210526315,liberika
30.0,20.485281229019165,0.8983534868245348,1.0,0.9836065573770492,liberika
30.0,20.485281229019165,0.8983534868245348,1.3333333333333333,1.0,liberika
27.0,20.485281229019165,0.8085181381420813,1.0,0.9310344827586207,liberika
26.0,19.656854152679443,0.8455809325652641,0.625,1.0,liberika
32.5,21.899494528770447,0.8515791964425479,0.875,1.0,liberika
37.5,23.899494767189026,0.8250185083082463,0.6,0.9868421052631579,liberika
24.5,19.071067690849304,0.8464979936885056,0.8571428571428571,0.98,liberika
25.5,19.071067690849304,0.8810489322064039,1.1666666666666667,0.9807692307692307,liberika
25.0,19.656854152679443,0.8130585890050616,1.1666666666666667,0.9615384615384616,liberika
31.0,21.313708305358887,0.8575382926580901,0.875,0.9538461538461539,liberika
21.0,17.313708305358887,0.8803370214086239,0.8571428571428571,0.9767441860465116,liberika
25.0,19.313708305358887,0.842206398844018,1.0,0.9615384615384616,liberika
30.0,20.485281229019165,0.8983534868245348,1.3333333333333333,1.0,liberika
30.0,21.313708305358887,0.8298757670884743,1.1428571428571428,0.9523809523809523,liberika
28.0,19.656854152679443,0.9106256196856689,0.8571428571428571,1.0,liberika
34.0,23.313708305358887,0.7860787646289066,1.0,0.9577464788732394,liberika
33.5,22.727921843528748,0.8149579796824994,0.6,0.9852941176470589,liberika
31.0,21.313708186149597,0.857538302250652,0.875,0.96875,liberika
32.0,21.313708305358887,0.885200818227706,1.1428571428571428,0.9696969696969697,liberika
30.5,20.727921724319458,0.8920684574996092,1.1428571428571428,0.9838709677419355,liberika
21.5,17.899494767189026,0.843270249070409,0.8571428571428571,0.9555555555555556,liberika
24.0,19.313708186149597,0.8085181528710309,1.0,0.9411764705882353,liberika
27.0,20.485281229019165,0.8085181381420813,1.3333333333333333,0.9473684210526315,liberika
30.0,21.313708305358887,0.8298757670884743,0.875,0.9375,liberika
30.0,22.14213538169861,0.768939401168237,1.0,0.9230769230769231,liberika
22.5,18.242640614509583,0.8496048387182248,1.4,1.0,liberika
23.0,18.485281229019165,0.8458348514740116,1.1666666666666667,0.9583333333333334,liberika
17.5,16.242640614509583,0.8335557320298667,0.8333333333333334,0.9722222222222222,liberika
31.5,22.727921843528748,0.7663037719402607,1.0,0.9264705882352942,liberika
29.0,20.485281229019165,0.8684083705970504,1.3333333333333333,0.9830508474576272,liberika
28.0,21.313708305358887,0.7745507159492427,0.875,0.9180327868852459,liberika
19.0,16.82842707633972,0.843094807828266,0.8333333333333334,1.0,liberika
18.5,16.242640614509583,0.881187488145859,0.8333333333333334,1.0,liberika
21.5,18.727921843528748,0.7703164059084023,1.0,0.9148936170212766,liberika
27.5,19.899494767189026,0.8726869015740993,1.3333333333333333,0.9821428571428571,liberika
29.0,21.313708186149597,0.8022132504925454,0.875,0.9508196721311475,liberika
28.0,20.485281229019165,0.8384632543695658,0.75,0.9655172413793104,liberika
20.5,18.727921843528748,0.734487735866151,1.0,0.8913043478260869,liberika
24.0,19.313708305358887,0.8085181428902574,1.0,0.9230769230769231,liberika
38.0,23.313708186149597,0.878558628275746,1.0,0.987012987012987,liberika
34.5,22.727921843528748,0.8392850835536187,1.0,0.9583333333333334,liberika
32.5,22.727921843528748,0.7906308758113799,1.0,0.9701492537313433,liberika
27.0,20.485281229019165,0.8085181381420813,1.3333333333333333,0.9642857142857143,liberika
30.0,21.313708305358887,0.8298757670884743,0.875,0.9375,liberika
30.5,21.899494767189026,0.7991743054141817,1.1428571428571428,0.953125,liberika
32.5,22.727921724319458,0.7906308841051911,1.2857142857142858,0.9420289855072463,liberika
33.5,22.727921843528748,0.8149579796824994,1.0,0.9436619718309859,liberika
26.5,19.899494767189026,0.8409528324259502,0.75,0.9636363636363636,liberika
30.0,22.14213538169861,0.768939401168237,1.0,0.9375,liberika
34.5,23.55634868144989,0.7812913405643709,1.4285714285714286,0.9452054794520548,liberika
25.0,19.313708305358887,0.842206398844018,1.0,1.0,liberika
30.5,21.55634891986847,0.8248202108504066,1.0,0.9682539682539683,liberika
44.0,25.313708186149597,0.8628811900881244,1.4285714285714286,0.9887640449438202,liberika
40.5,24.727921843528748,0.8323186927986581,1.125,0.9529411764705882,liberika
31.5,21.899494767189026,0.8253767416572696,0.6666666666666666,0.9692307692307692,liberika
29.0,20.485281229019165,0.8684083705970504,1.3333333333333333,0.9830508474576272,liberika
27.5,19.899494767189026,0.8726869015740993,1.0,0.9649122807017544,liberika
19.5,17.071067690849304,0.8408588636677646,0.7142857142857143,0.975,liberika
21.0,19.313708186149597,0.707453383762152,1.0,0.9333333333333333,liberika
30.5,21.899494767189026,0.7991743054141817,1.1428571428571428,0.9384615384615385,liberika
25.0,18.485281229019165,0.9193857081239257,0.8571428571428571,1.0,liberika
24.5,19.071067690849304,0.8464979936885056,1.1666666666666667,0.98,liberika
32.5,21.899494767189026,0.8515791779003574,1.1428571428571428,0.9558823529411765,liberika
33.0,22.97056245803833,0.7859239887615989,1.125,0.9565217391304348,liberika
32.0,21.313708305358887,0.885200818227706,0.875,0.9846153846153847,liberika
22.0,18.485281109809875,0.8090594335841027,0.8571428571428571,0.9565217391304348,liberika
28.0,19.656854152679443,0.9106256196856689,1.1666666666666667,1.0,liberika
28.0,20.14213526248932,0.8672751028975068,0.875,0.9824561403508771,liberika
24.5,19.899494767189026,0.777484694129652,0.75,0.9245283018867925,liberika
30.0,21.313708186149597,0.8298757763715986,0.875,0.9836065573770492,liberika
32.5,22.727921724319458,0.7906308841051911,1.2857142857142858,0.9285714285714286,liberika
24.0,19.313708186149597,0.8085181528710309,1.3333333333333333,0.9795918367346939,liberika
25.0,19.313708305358887,0.842206398844018,0.75,0.9615384615384616,liberika
26.5,19.899494767189026,0.8409528324259502,1.0,0.9464285714285714,liberika
28.0,21.313708186149597,0.7745507246134921,1.1428571428571428,0.9333333333333333,liberika
25.5,19.899494767189026,0.8092187632778012,1.0,0.9272727272727272,liberika
24.0,18.485281229019165,0.8826102797989687,0.8571428571428571,0.9795918367346939,liberika
28.0,20.485281229019165,0.8384632543695658,1.3333333333333333,0.9824561403508771,liberika
34.0,22.485281229019165,0.8450689278640103,1.5,1.0,liberika
41.5,24.727921843528748,0.852869771633193,0.7,0.9764705882352941,liberika
40.5,24.72792160511017,0.8323187088485505,0.8888888888888888,0.9759036144578314,liberika
51.0,27.313708186149597,0.8590505292745261,1.5714285714285714,1.0,liberika
22.0,17.656854152679443,0.8867595726417237,1.0,0.9777777777777777,liberika
20.5,17.071067690849304,0.8839798310353423,1.0,1.0,liberika
32.5,21.899494767189026,0.8515791779003574,1.1428571428571428,0.9558823529411765,liberika
29.0,20.485281229019165,0.8684083705970504,0.75,0.9830508474576272,liberika
30.5,21.899494767189026,0.7991743054141817,1.5,0.953125,liberika
26.5,19.899494767189026,0.8409528324259502,1.0,0.9464285714285714,liberika
29.0,20.485281229019165,0.8684083705970504,0.75,0.9830508474576272,liberika
28.5,21.55634880065918,0.7707336481716069,1.0,0.95,liberika
28.0,21.656854152679443,0.75020015882688,1.8,0.9824561403508771,liberika
29.5,21.899494767189026,0.7729718691710937,1.1428571428571428,0.9365079365079365,liberika
23.5,19.071067690849304,0.8119470551706076,0.8571428571428571,0.94,liberika
26.5,19.899494767189026,0.8409528324259502,1.0,0.9636363636363636,liberika
25.5,19.899494767189026,0.8092187632778012,1.3333333333333333,0.9444444444444444,liberika
25.0,19.313708305358887,0.842206398844018,1.0,0.9615384615384616,liberika
22.0,17.656854152679443,0.8867595726417237,0.7142857142857143,1.0,liberika
31.0,22.14213538169861,0.7945707145405116,1.0,0.9538461538461539,liberika
39.5,24.727921843528748,0.8117676139641234,1.4285714285714286,0.9634146341463414,liberika
41.0,25.313708305358887,0.8040483741000504,0.7,0.9425287356321839,liberika
42.5,24.727921724319458,0.8734208588889676,1.125,0.9770114942528736,liberika
47.0,26.14213538169861,0.8642225680604194,1.25,0.9690721649484536,liberika
32.5,21.899494767189026,0.8515791779003574,1.1428571428571428,0.9701492537313433,liberika
27.0,20.485281229019165,0.8085181381420813,0.75,0.9473684210526315,liberika
32.5,21.899494767189026,0.8515791779003574,1.1428571428571428,0.9558823529411765,liberika
28.5,19.899494767189026,0.9044209707222483,0.75,1.0,liberika
35.5,22.727921724319458,0.863612196484132,1.2857142857142858,0.9726027397260274,liberika
31.0,21.313708305358887,0.8575382926580901,0.875,0.96875,liberika
24.5,19.899494767189026,0.777484694129652,0.75,0.9245283018867925,liberika
29.0,21.313708186149597,0.8022132504925454,1.5,0.9666666666666667,liberika
29.0,21.313708305358887,0.8022132415188586,0.875,0.9354838709677419,liberika
28.5,19.899494767189026,0.9044209707222483,0.75,1.0,liberika
27.5,19.899494767189026,0.8726869015740993,1.0,0.9649122807017544,liberika
32.5,21.899494647979736,0.8515791871714525,1.5,1.0,liberika
32.5,22.727921843528748,0.7906308758113799,1.0,0.9558823529411765,liberika
30.5,21.899494767189026,0.7991743054141817,0.6666666666666666,0.953125,liberika
30.0,21.313708186149597,0.8298757763715986,1.1428571428571428,0.967741935483871,liberika
36.5,23.899494647979736,0.803018022764174,1.6666666666666667,0.9864864864864865,liberika
36.5,22.727921724319458,0.8879393006104455,1.0,0.9864864864864865,liberika
24.5,19.899494767189026,0.777484694129652,0.75,0.9423076923076923,liberika
26.5,19.899494767189026,0.8409528324259502,1.0,0.9636363636363636,liberika
29.5,21.071067690849304,0.8349467824386132,1.3333333333333333,0.9672131147540983,liberika
23.5,18.242640614509583,0.8873650537723682,1.0,1.0,liberika
36.0,24.14213538169861,0.776177417174647,1.125,0.9113924050632911,liberika
38.5,24.727921843528748,0.7912165351295887,1.125,0.9166666666666666,liberika
31.5,21.899494767189026,0.8253767416572696,1.1428571428571428,0.9402985074626866,liberika
16.0,15.656854152679443,0.8202020201250876,0.8333333333333334,0.9411764705882353,liberika
17.5,17.071067690849304,0.7546169289326093,1.0,0.9722222222222222,liberika
28.5,19.899494767189026,0.9044209707222483,1.3333333333333333,1.0,liberika
30.0,21.313708305358887,0.8298757670884743,0.875,0.9523809523809523,liberika
29.0,20.485281229019165,0.8684083705970504,0.75,0.9830508474576272,liberika
29.0,20.485281229019165,0.8684083705970504,1.3333333333333333,0.9830508474576272,liberika
26.0,19.313708305358887,0.8758946547977788,1.0,0.9811320754716981,liberika
23.5,17.899494767189026,0.9217139931699821,0.8571428571428571,1.0,liberika
25.5,19.899494647979736,0.8092187729731622,1.0,0.9807692307692307,liberika
26.0,20.485281229019165,0.778573021914597,1.8,0.9811320754716981,liberika
26.0,19.313708186149597,0.8758946656102835,1.0,0.9811320754716981,liberika
20.5,17.071067690849304,0.8839798310353423,0.7142857142857143,1.0,liberika
38.0,23.313708186149597,0.878558628275746,1.0,0.9743589743589743,liberika
30.0,21.313708186149597,0.8298757763715986,1.1428571428571428,0.9523809523809523,liberika
21.0,17.656854152679443,0.8464523193398272,1.0,0.9545454545454546,liberika
21.5,17.899494767189026,0.843270249070409,1.1666666666666667,0.9555555555555556,liberika
25.0,19.313708305358887,0.842206398844018,1.3333333333333333,0.9615384615384616,liberika
34.5,22.727921843528748,0.8392850835536187,1.0,0.9583333333333334,liberika
29.0,20.485281229019165,0.8684083705970504,0.75,0.9830508474576272,liberika
26.5,19.899494647979736,0.8409528425015217,1.0,0.9636363636363636,liberika
27.5,19.899494647979736,0.872686912029881,1.3333333333333333,1.0,liberika
23.0,18.485281229019165,0.8458348514740116,0.8571428571428571,0.9787234042553191,liberika
22.0,18.485281229019165,0.8090594231490545,0.8571428571428571,0.9361702127659575,liberika
17.5,17.071067690849304,0.7546169289326093,1.4,0.9459459459459459,liberika
17.5,16.242640614509583,0.8335557320298667,1.2,1.0,liberika
22.0,18.485281109809875,0.8090594335841027,1.1666666666666667,0.9777777777777777,liberika
28.0,21.656854152679443,0.75020015882688,1.3333333333333333,0.9180327868852459,liberika
35.5,22.727921724319458,0.863612196484132,1.2857142857142858,0.9861111111111112,liberika
27.5,20.727921843528748,0.8043240098054562,1.1428571428571428,0.9482758620689655,liberika
36.5,23.899494767189026,0.8030180147533598,1.2857142857142858,0.9358974358974359,liberika
36.5,22.727921724319458,0.8879393006104455,1.0,0.9864864864864865,liberika
28.5,21.071067690849304,0.8066435016779822,0.75,0.95,liberika
17.0,15.656854152679443,0.8714646463829057,0.8333333333333334,1.0,liberika
23.0,18.485281229019165,0.8458348514740116,1.1666666666666667,0.9583333333333334,liberika
24.5,19.899494767189026,0.777484694129652,1.0,0.9245283018867925,liberika
26.5,19.071067690849304,0.9155998707243022,0.8571428571428571,1.0,liberika
24.5,19.071067690849304,0.8464979936885056,1.1666666666666667,0.98,liberika
29.5,21.899494767189026,0.7729718691710937,1.1428571428571428,0.9365079365079365,liberika
24.0,19.656854152679443,0.7805362454448591,0.8571428571428571,0.9230769230769231,liberika
29.0,20.485281229019165,0.8684083705970504,1.0,0.9830508474576272,liberika
20.5,19.071067690849304,0.7082942396169128,1.6,0.9318181818181818,liberika
24.5,19.071067690849304,0.8464979936885056,1.1666666666666667,0.98,liberika
23.0,18.485281229019165,0.8458348514740116,0.8571428571428571,0.9583333333333334,liberika
20.0,17.656854152679443,0.8061450660379307,1.0,0.9523809523809523,liberika
18.0,15.656854152679443,0.9227272726407235,0.8333333333333334,1.0,liberika
17.5,17.071067690849304,0.7546169289326093,1.0,0.9210526315789473,liberika
18.0,16.82842707633972,0.7987213968899363,1.2,0.972972972972973,liberika
27.5,20.727921843528748,0.8043240098054562,1.1428571428571428,0.9482758620689655,liberika
26.5,19.899494767189026,0.8409528324259502,0.75,0.9636363636363636,liberika
24.5,19.899494767189026,0.777484694129652,1.0,0.9423076923076923,liberika
24.0,19.656854152679443,0.7805362454448591,1.6,0.9795918367346939,liberika
23.5,18.727921843528748,0.841973745992905,1.0,0.9591836734693877,liberika
17.0,15.656854152679443,0.8714646463829057,0.8333333333333334,0.9714285714285714,liberika
24.5,18.727921843528748,0.8778024160351561,1.0,0.98,liberika
26.0,19.313708305358887,0.8758946547977788,1.0,0.9629629629629629,liberika
12.0,14.828427076339722,0.6858054603098395,0.6666666666666666,0.9230769230769231,robusta
9.5,12.242640614509583,0.7964953919549047,0.8,1.0,robusta
10.5,14.242640614509583,0.6504563104738692,1.5,0.9130434782608695,robusta
26.0,19.656854152679443,0.8455809325652641,0.625,1.0,robusta
27.0,20.485281229019165,0.8085181381420813,1.0,0.9473684210526315,robusta
27.0,19.656854152679443,0.8781032761254665,1.1666666666666667,0.9818181818181818,robusta
15.5,16.242640614509583,0.7382922197978818,0.5714285714285714,0.96875,robusta
16.0,15.656854152679443,0.8202020201250876,1.2,1.0,robusta
18.5,17.071067690849304,0.797737896300187,1.4,0.9487179487179487,robusta
23.0,19.313708305358887,0.7748298869364966,1.0,0.92,robusta
20.0,16.485281229019165,0.9247985475540647,1.0,1.0,robusta
26.5,20.727921724319458,0.7750758729094964,0.875,0.9137931034482759,robusta
26.5,19.899494647979736,0.8409528425015217,1.0,0.9636363636363636,robusta
25.0,19.313708305358887,0.842206398844018,1.3333333333333333,0.9615384615384616,robusta
26.5,19.899494767189026,0.8409528324259502,1.0,0.9464285714285714,robusta
25.0,19.656854152679443,0.8130585890050616,0.8571428571428571,0.9615384615384616,robusta
32.0,22.14213526248932,0.8202020367444278,1.2857142857142858,0.9552238805970149,robusta
30.5,21.899494767189026,0.7991743054141817,0.875,0.9384615384615385,robusta
29.0,20.485281229019165,0.8684083705970504,0.75,0.9830508474576272,robusta
16.5,15.071067690849304,0.9128633418714199,0.8333333333333334,1.0,robusta
16.0,15.656854152679443,0.8202020201250876,1.2,0.9696969696969697,robusta
16.5,15.071067690849304,0.9128633418714199,1.2,1.0,robusta
30.5,21.899494767189026,0.7991743054141817,1.1428571428571428,0.9384615384615385,robusta
31.0,21.313708305358887,0.8575382926580901,0.875,0.9538461538461539,robusta
29.0,20.485281229019165,0.8684083705970504,1.0,0.9666666666666667,robusta
16.5,15.071067690849304,0.9128633418714199,1.2,1.0,robusta
15.0,14.485281229019165,0.8983534921002858,1.2,1.0,robusta
16.5,15.071067690849304,0.9128633418714199,0.8333333333333334,1.0,robusta
18.5,17.071067690849304,0.797737896300187,1.0,0.925,robusta
16.5,16.242640614509583,0.7859239759138743,1.2,0.9428571428571428,robusta
20.0,17.313708305358887,0.8384162108653561,1.1666666666666667,0.9523809523809523,robusta
22.5,17.899494767189026,0.8824921211201956,0.8571428571428571,0.9782608695652174,robusta
24.5,19.071067690849304,0.8464979936885056,0.8571428571428571,0.9607843137254902,robusta
25.0,19.313708186149597,0.8422064092406572,1.0,0.9615384615384616,robusta
20.0,16.485281229019165,0.9247985475540647,1.0,1.0,robusta
21.0,17.656854152679443,0.8464523193398272,1.0,0.9545454545454546,robusta
20.0,16.485281229019165,0.9247985475540647,1.0,1.0,robusta
21.0,18.485281229019165,0.7722839948240977,0.8571428571428571,0.9130434782608695,robusta
22.0,18.485281229019165,0.8090594231490545,1.1666666666666667,0.9361702127659575,robusta
30.5,21.899494767189026,0.7991743054141817,0.875,0.9384615384615385,robusta
32.0,21.313708305358887,0.885200818227706,0.875,0.9696969696969697,robusta
33.0,22.14213538169861,0.8458333412850608,1.0,0.9565217391304348,robusta
24.5,19.071067690849304,0.8464979936885056,0.8571428571428571,0.9607843137254902,robusta
27.0,21.313708305358887,0.746888190379627,0.6666666666666666,0.9152542372881356,robusta
27.0,21.313708186149597,0.7468881987344388,1.1428571428571428,0.9310344827586207,robusta
27.5,21.071067690849304,0.7783402209173513,1.3333333333333333,0.9322033898305084,robusta
35.0,22.485281229019165,0.8699238963305989,0.875,0.9722222222222222,robusta
33.0,22.14213538169861,0.8458333412850608,1.0,0.9565217391304348,robusta
33.0,22.485281229019165,0.8202139593974218,1.5,0.9705882352941176,robusta
34.0,23.313708305358887,0.7860787646289066,1.0,0.9315068493150684,robusta
32.0,21.313708305358887,0.885200818227706,0.6666666666666666,1.0,robusta
30.5,21.899494767189026,0.7991743054141817,1.5,0.953125,robusta
28.0,20.485281229019165,0.8384632543695658,1.0,0.9491525423728814,robusta
28.0,20.485281229019165,0.8384632543695658,1.0,0.9655172413793104,robusta
31.5,21.899494767189026,0.8253767416572696,0.875,0.9545454545454546,robusta
30.0,21.313708305358887,0.8298757670884743,0.6666666666666666,0.967741935483871,robusta
19.0,16.485281229019165,0.8785586201763613,0.7142857142857143,1.0,robusta
17.5,15.899494647979736,0.8699239166783063,1.0,1.0,robusta
17.5,15.899494767189026,0.8699239036334878,1.4,1.0,robusta
27.5,20.727921843528748,0.8043240098054562,1.1428571428571428,0.9322033898305084,robusta
28.0,20.485281229019165,0.8384632543695658,0.75,0.9655172413793104,robusta
29.0,20.485281229019165,0.8684083705970504,1.3333333333333333,0.9830508474576272,robusta
33.0,22.14213538169861,0.8458333412850608,1.0,0.9565217391304348,robusta
29.0,21.313708305358887,0.8022132415188586,0.6666666666666666,0.9508196721311475,robusta
33.0,23.313708305358887,0.7629588009633504,0.7777777777777778,0.9166666666666666,robusta
32.0,21.313708305358887,0.885200818227706,1.5,1.0,robusta
22.5,18.727921843528748,0.8061450759506537,1.0,0.9375,robusta
19.0,17.313708305358887,0.7964954003220882,0.8571428571428571,0.926829268292683,robusta
20.5,17.899494767189026,0.8040483770206226,1.1666666666666667,0.9318181818181818,robusta
27.0,19.313708305358887,0.9095829107515394,1.3333333333333333,1.0,robusta
24.5,19.071067690849304,0.8464979936885056,0.8571428571428571,0.9607843137254902,robusta
18.5,16.242640614509583,0.881187488145859,0.8333333333333334,1.0,robusta
17.0,15.656854152679443,0.8714646463829057,1.2,1.0,robusta
17.0,16.485281229019165,0.786078765420955,1.4,0.9444444444444444,robusta
24.0,19.313708186149597,0.8085181528710309,1.0,0.96,robusta
24.0,19.313708186149597,0.8085181528710309,1.0,0.96,robusta
17.5,16.242640614509583,0.8335557320298667,0.8333333333333334,0.9722222222222222,robusta
19.0,17.313708305358887,0.7964954003220882,0.8571428571428571,0.926829268292683,robusta
17.0,15.656854152679443,0.8714646463829057,0.8333333333333334,0.9714285714285714,robusta
16.5,15.071067690849304,0.9128633418714199,0.8333333333333334,1.0,robusta
16.5,15.899494767189026,0.8202139662830029,1.4,0.9705882352941176,robusta
16.5,16.242640614509583,0.7859239759138743,1.2,0.9428571428571428,robusta
18.5,15.899494767189026,0.9196338409839729,1.0,1.0,robusta
18.5,17.071067690849304,0.797737896300187,1.0,0.925,robusta
20.5,17.071067690849304,0.8839798310353423,1.4,1.0,robusta
31.5,21.899494767189026,0.8253767416572696,1.1428571428571428,0.9402985074626866,robusta
33.0,21.313708305358887,0.9128633437973218,0.875,0.9850746268656716,robusta
28.0,20.485281229019165,0.8384632543695658,1.0,0.9655172413793104,robusta
33.0,21.313708305358887,0.9128633437973218,1.1428571428571428,0.9850746268656716,robusta
31.5,21.899494767189026,0.8253767416572696,0.875,0.9402985074626866,robusta
31.5,21.899494767189026,0.8253767416572696,0.875,0.9402985074626866,robusta
25.0,18.485281229019165,0.9193857081239257,0.8571428571428571,1.0,robusta
22.0,17.656854152679443,0.8867595726417237,1.0,0.9777777777777777,robusta
30.0,21.313708305358887,0.8298757670884743,1.1428571428571428,0.9523809523809523,robusta
28.0,20.485281229019165,0.8384632543695658,0.75,0.9655172413793104,robusta
29.5,19.899494767189026,0.9361550398703974,1.0,1.0,robusta
20.5,17.071067690849304,0.8839798310353423,0.7142857142857143,1.0,robusta
29.5,21.071067690849304,0.8349467824386132,0.75,0.9672131147540983,robusta
25.5,19.071067690849304,0.8810489322064039,1.1666666666666667,1.0,robusta
28.0,20.485281229019165,0.8384632543695658,1.3333333333333333,0.9655172413793104,robusta
32.0,21.313708186149597,0.8852008281297052,1.1428571428571428,0.9846153846153847,robusta
30.0,20.485281229019165,0.8983534868245348,0.75,1.0,robusta
29.0,20.485281229019165,0.8684083705970504,1.0,0.9666666666666667,robusta
23.5,17.899494767189026,0.9217139931699821,1.1666666666666667,1.0,robusta
23.0,18.485281229019165,0.8458348514740116,0.8571428571428571,0.9583333333333334,robusta
25.0,18.485281229019165,0.9193857081239257,0.8571428571428571,1.0,robusta
19.5,17.071067690849304,0.8408588636677646,0.7142857142857143,0.975,robusta
18.0,16.485281229019165,0.8323186927986581,1.4,0.972972972972973,robusta
16.5,16.242640614509583,0.7859239759138743,1.2,0.9428571428571428,robusta
29.5,19.899494767189026,0.9361550398703974,1.0,1.0,robusta
28.0,20.485281229019165,0.8384632543695658,0.75,0.9655172413793104,robusta
28.5,19.899494767189026,0.9044209707222483,1.0,0.9827586206896551,robusta
23.0,19.313708305358887,0.7748298869364966,1.3333333333333333,0.92,robusta
20.0,16.485281229019165,0.9247985475540647,1.0,1.0,robusta
21.5,17.899494767189026,0.843270249070409,0.8571428571428571,0.9555555555555556,robusta
17.0,15.656854152679443,0.8714646463829057,0.8333333333333334,0.9714285714285714,robusta
19.5,17.071067690849304,0.8408588636677646,1.0,0.9512195121951219,robusta
25.5,19.071067690849304,0.8810489322064039,0.8571428571428571,0.9807692307692307,robusta
28.5,19.899494767189026,0.9044209707222483,0.75,1.0,robusta
29.0,20.485281229019165,0.8684083705970504,1.0,0.9666666666666667,robusta
25.0,18.485281229019165,0.9193857081239257,1.1666666666666667,1.0,robusta
24.0,19.313708305358887,0.8085181428902574,1.0,0.9230769230769231,robusta
26.5,19.899494767189026,0.8409528324259502,1.0,0.9464285714285714,robusta
41.5,23.899494767189026,0.9130204825277927,0.7777777777777778,1.0,robusta
39.5,23.899494647979736,0.8690195040872569,1.2857142857142858,0.9875,robusta
40.0,24.485281229019165,0.8384162020577944,1.2857142857142858,0.963855421686747,robusta
44.0,25.313708186149597,0.8628811900881244,0.8888888888888888,0.9777777777777777,robusta
40.0,24.14213514328003,0.8624193694501281,0.8888888888888888,0.9876543209876543,robusta
32.0,21.313708305358887,0.885200818227706,1.1428571428571428,0.9696969696969697,robusta
31.0,21.313708186149597,0.857538302250652,1.1428571428571428,0.96875,robusta
31.5,21.071067690849304,0.8915533439598752,0.75,1.0,robusta
31.0,21.313708305358887,0.8575382926580901,0.875,0.9538461538461539,robusta
31.5,21.899494647979736,0.8253767506431002,0.875,0.9545454545454546,robusta
32.0,21.313708305358887,0.885200818227706,1.1428571428571428,0.9846153846153847,robusta
29.0,20.485281229019165,0.8684083705970504,1.0,0.9666666666666667,robusta
27.5,19.899494767189026,0.8726869015740993,1.0,0.9649122807017544,robusta
29.0,20.485281229019165,0.8684083705970504,1.0,0.9830508474576272,robusta
27.5,19.899494767189026,0.8726869015740993,0.75,0.9821428571428571,robusta
30.0,20.485281229019165,0.8983534868245348,1.0,0.9836065573770492,robusta
30.0,21.313708305358887,0.8298757670884743,1.1428571428571428,0.9375,robusta
33.0,22.485281229019165,0.8202139593974218,1.1428571428571428,0.9428571428571428,robusta
29.5,19.899494767189026,0.9361550398703974,1.0,1.0,robusta
24.5,19.071067690849304,0.8464979936885056,1.1666666666666667,0.9607843137254902,robusta
23.0,18.485281229019165,0.8458348514740116,0.8571428571428571,0.9583333333333334,robusta
34.0,21.313708305358887,0.9405258693669377,0.875,1.0,robusta
33.0,22.14213538169861,0.8458333412850608,1.0,0.9565217391304348,robusta
33.0,21.313708305358887,0.9128633437973218,1.1428571428571428,0.9850746268656716,robusta
29.0,21.313708305358887,0.8022132415188586,0.875,0.9206349206349206,robusta
29.0,20.485281229019165,0.8684083705970504,1.0,0.9666666666666667,robusta
27.0,19.313708305358887,0.9095829107515394,1.0,0.9818181818181818,robusta
24.5,19.071067690849304,0.8464979936885056,0.8571428571428571,0.9607843137254902,robusta
20.5,17.071067690849304,0.8839798310353423,0.7142857142857143,1.0,robusta
19.0,16.485281229019165,0.8785586201763613,1.0,0.9743589743589743,robusta
22.0,17.656854152679443,0.8867595726417237,1.0,0.9777777777777777,robusta
31.5,21.55634891986847,0.8518634964520593,1.0,0.984375,robusta
29.5,21.899494767189026,0.7729718691710937,1.1428571428571428,0.921875,robusta
35.5,22.727921724319458,0.863612196484132,1.0,0.9726027397260274,robusta
35.0,22.485281229019165,0.8699238963305989,0.875,0.9722222222222222,robusta
39.0,23.313708066940308,0.9016786013987921,1.0,1.0,robusta
38.5,23.899494767189026,0.847019001863133,1.2857142857142858,0.9625,robusta
28.0,20.14213526248932,0.8672751028975068,0.875,0.9824561403508771,robusta
24.0,18.485281229019165,0.8826102797989687,0.8571428571428571,0.9795918367346939,robusta
33.0,21.656854152679443,0.8841644729031085,0.75,1.0,robusta
35.5,22.727921724319458,0.863612196484132,1.0,0.9726027397260274,robusta
32.0,21.313708305358887,0.885200818227706,1.1428571428571428,0.9696969696969697,robusta
40.0,24.14213538169861,0.8624193524162745,1.125,0.963855421686747,robusta
41.0,25.313708305358887,0.8040483741000504,0.7,0.9425287356321839,robusta
41.5,24.727921724319458,0.8528697798562861,1.125,0.9651162790697675,robusta
32.0,21.656854152679443,0.8573716100878628,1.3333333333333333,0.9846153846153847,robusta
113.5,41.21320283412933,0.8397170908946254,0.6875,0.9659574468085106,robusta
18.0,16.485281229019165,0.8323186927986581,1.0,0.9473684210526315,robusta
16.0,15.656854152679443,0.8202020201250876,0.8333333333333334,0.9696969696969697,robusta
21.0,17.656854152679443,0.8464523193398272,1.4,1.0,robusta
21.5,17.899494767189026,0.843270249070409,1.1666666666666667,0.9555555555555556,robusta
24.5,19.071067690849304,0.8464979936885056,0.8571428571428571,0.9607843137254902,robusta
22.0,18.485281229019165,0.8090594231490545,1.1666666666666667,0.9361702127659575,robusta
21.0,17.656854152679443,0.8464523193398272,1.4,0.9767441860465116,robusta
24.0,18.485281229019165,0.8826102797989687,1.1666666666666667,0.9795918367346939,robusta
23.5,19.899494767189026,0.745750624981503,0.75,0.9038461538461539,robusta
24.5,19.899494767189026,0.777484694129652,1.0,0.9423076923076923,robusta
24.0,18.485281229019165,0.8826102797989687,1.1666666666666667,0.9795918367346939,robusta
24.5,19.071067690849304,0.8464979936885056,0.8571428571428571,0.9607843137254902,robusta
28.5,19.899494767189026,0.9044209707222483,1.3333333333333333,1.0,robusta
26.5,19.899494767189026,0.8409528324259502,1.0,0.9464285714285714,robusta
23.0,17.656854152679443,0.9270668259436202,1.0,1.0,robusta
25.5,19.071067690849304,0.8810489322064039,1.1666666666666667,1.0,robusta
20.0,17.656854152679443,0.8061450660379307,1.4,0.9523809523809523,robusta
24.0,18.485281229019165,0.8826102797989687,1.1666666666666667,0.9795918367346939,robusta
20.5,17.899494767189026,0.8040483770206226,1.1666666666666667,0.9318181818181818,robusta
21.0,18.485281229019165,0.7722839948240977,1.1666666666666667,0.9130434782608695,robusta
26.0,20.485281229019165,0.778573021914597,1.0,0.9122807017543859,robusta
30.0,20.485281229019165,0.8983534868245348,0.75,1.0,robusta
29.5,20.727921724319458,0.8628203113520809,0.875,0.9833333333333333,robusta
22.5,19.071067690849304,0.7773961166527094,1.1666666666666667,0.9375,robusta
21.5,17.071067690849304,0.92710079840292,1.0,1.0,robusta
34.0,22.485281229019165,0.8450689278640103,1.1428571428571428,0.9577464788732394,robusta
26.0,20.485281229019165,0.778573021914597,1.0,0.9285714285714286,robusta
23.0,19.313708305358887,0.7748298869364966,0.75,0.92,robusta
22.5,19.071067690849304,0.7773961166527094,1.1666666666666667,0.9375,robusta
27.0,20.485281229019165,0.8085181381420813,1.3333333333333333,0.9473684210526315,robusta
32.0,22.14213526248932,0.8202020367444278,1.0,0.9411764705882353,robusta
28.0,20.485281229019165,0.8384632543695658,0.75,0.9655172413793104,robusta
22.5,19.071067690849304,0.7773961166527094,1.6,0.9782608695652174,robusta
25.5,19.899494767189026,0.8092187632778012,1.0,0.9444444444444444,robusta
24.5,19.071067690849304,0.8464979936885056,0.625,1.0,robusta
27.5,19.899494647979736,0.872686912029881,1.0,0.9821428571428571,robusta
22.0,18.485281229019165,0.8090594231490545,1.1666666666666667,0.9361702127659575,robusta
22.0,17.656854152679443,0.8867595726417237,1.0,0.9777777777777777,robusta
20.5,17.071067690849304,0.8839798310353423,0.7142857142857143,1.0,robusta
22.5,17.899494767189026,0.8824921211201956,1.1666666666666667,0.9782608695652174,robusta
20.0,17.313708186149597,0.8384162224107744,1.1666666666666667,0.975609756097561,robusta
22.0,18.485281229019165,0.8090594231490545,1.1666666666666667,0.9361702127659575,robusta
23.0,18.485281229019165,0.8458348514740116,1.1666666666666667,0.9583333333333334,robusta
21.0,17.656854152679443,0.8464523193398272,1.0,0.9545454545454546,robusta
26.0,19.313708305358887,0.8758946547977788,1.0,0.9629629629629629,robusta
27.0,21.313708305358887,0.746888190379627,1.5,0.9473684210526315,robusta
27.5,20.727921843528748,0.8043240098054562,0.875,0.9322033898305084,robusta
26.0,20.485281229019165,0.778573021914597,0.75,0.9285714285714286,robusta
24.5,19.071067690849304,0.8464979936885056,0.8571428571428571,0.98,robusta
30.5,21.899494767189026,0.7991743054141817,1.5,0.953125,robusta
28.0,20.485281229019165,0.8384632543695658,1.0,0.9491525423728814,robusta
22.0,17.656854152679443,0.8867595726417237,1.0,0.9777777777777777,robusta
24.5,19.899494767189026,0.777484694129652,1.0,0.9074074074074074,robusta
22.5,19.071067690849304,0.7773961166527094,0.8571428571428571,0.9183673469387755,robusta
18.5,16.242640614509583,0.881187488145859,0.8333333333333334,1.0,robusta
17.0,16.485281229019165,0.786078765420955,1.0,0.9444444444444444,robusta
21.5,17.071067690849304,0.92710079840292,1.0,1.0,robusta
25.0,19.313708305358887,0.842206398844018,1.0,0.9433962264150944,robusta
18.5,16.727921724319458,0.8308021604523854,0.8571428571428571,0.9736842105263158,robusta
20.0,17.313708305358887,0.8384162108653561,0.8571428571428571,0.9523809523809523,robusta
16.5,15.071067690849304,0.9128633418714199,1.2,1.0,robusta
28.0,19.656854152679443,0.9106256196856689,1.1666666666666667,1.0,robusta
28.5,19.899494767189026,0.9044209707222483,1.0,0.9827586206896551,robusta
25.5,19.071067690849304,0.8810489322064039,0.8571428571428571,0.9807692307692307,robusta
25.5,19.899494767189026,0.8092187632778012,1.0,0.9444444444444444,robusta
26.0,19.313708186149597,0.8758946656102835,1.0,0.9811320754716981,robusta
21.0,17.656854152679443,0.8464523193398272,1.0,0.9545454545454546,robusta
24.0,18.485281229019165,0.8826102797989687,1.1666666666666667,0.9795918367346939,robusta
24.0,18.485281229019165,0.8826102797989687,1.1666666666666667,0.9795918367346939,robusta
30.0,20.485281229019165,0.8983534868245348,1.0,0.9836065573770492,robusta
29.0,20.485281229019165,0.8684083705970504,0.75,0.9830508474576272,robusta
32.0,22.14213538169861,0.8202020279127863,1.0,0.9411764705882353,robusta
34.5,22.727921724319458,0.8392850923578183,1.2857142857142858,0.971830985915493,robusta
33.5,21.899494767189026,0.8777816141434455,0.875,0.9710144927536232,robusta
32.0,22.485281229019165,0.7953589909308333,0.875,0.9411764705882353,robusta
20.5,17.899494767189026,0.8040483770206226,0.8571428571428571,0.9534883720930233,robusta
21.0,17.656854152679443,0.8464523193398272,1.4,1.0,robusta
19.5,17.071067690849304,0.8408588636677646,1.0,0.9512195121951219,robusta
24.0,19.313708305358887,0.8085181428902574,1.0,0.9230769230769231,robusta
27.0,19.313708305358887,0.9095829107515394,1.3333333333333333,1.0,robusta
25.0,19.313708305358887,0.842206398844018,1.0,0.9615384615384616,robusta
28.0,20.485281109809875,0.8384632641280465,1.0,0.9824561403508771,robusta
31.0,21.313708305358887,0.8575382926580901,0.6666666666666666,0.9841269841269841,robusta
21.5,18.242640614509583,0.8118446236640815,1.0,0.9772727272727273,robusta
24.5,19.899494767189026,0.777484694129652,1.3333333333333333,0.9245283018867925,robusta
26.5,19.899494647979736,0.8409528425015217,1.0,0.9636363636363636,robusta
38.0,23.313708186149597,0.878558628275746,0.7777777777777778,0.987012987012987,robusta
41.5,24.727921724319458,0.8528697798562861,0.8888888888888888,0.9651162790697675,robusta
43.0,25.313708305358887,0.8432702460073699,1.125,0.945054945054945,robusta
24.5,19.899494767189026,0.777484694129652,0.75,0.9245283018867925,robusta
32.0,22.485281229019165,0.7953589909308333,1.1428571428571428,0.927536231884058,robusta
32.5,21.899494767189026,0.8515791779003574,0.875,0.9558823529411765,robusta
38.0,24.14213526248932,0.819298392886541,1.4285714285714286,0.9620253164556962,robusta
36.5,24.727921843528748,0.750114377460519,0.8888888888888888,0.9358974358974359,robusta
41.0,24.14213538169861,0.8839798362266813,0.8888888888888888,0.9879518072289156,robusta
25.5,19.899494767189026,0.8092187632778012,1.0,0.9272727272727272,robusta
36.0,23.313708305358887,0.8323186919600186,0.7777777777777778,0.96,robusta
33.0,22.485281229019165,0.8202139593974218,0.6666666666666666,0.9850746268656716,robusta
32.5,22.727921724319458,0.7906308841051911,1.0,0.9558823529411765,robusta
47.0,27.313708305358887,0.7916740102641214,1.5714285714285714,0.9591836734693877,robusta
39.0,25.313708186149597,0.7648265093962922,0.5454545454545454,0.975,robusta
20.5,17.071067690849304,0.8839798310353423,1.0,0.9761904761904762,robusta
21.5,17.899494767189026,0.843270249070409,0.8571428571428571,0.9555555555555556,robusta
24.5,19.899494767189026,0.777484694129652,1.0,0.9074074074074074,robusta
32.5,21.899494767189026,0.8515791779003574,0.875,0.9558823529411765,robusta
35.0,22.485281229019165,0.8699238963305989,1.5,1.0,robusta
28.5,19.899494647979736,0.9044209815582401,1.0,1.0,robusta
31.0,21.313708186149597,0.857538302250652,0.875,0.96875,robusta
29.5,21.071067690849304,0.8349467824386132,1.0,0.9672131147540983,robusta
26.5,19.071067690849304,0.9155998707243022,1.1666666666666667,1.0,robusta
23.5,19.071067690849304,0.8119470551706076,0.8571428571428571,0.94,robusta
35.5,21.899494767189026,0.9301864866296213,0.875,1.0,robusta
36.0,23.313708305358887,0.8323186919600186,1.0,0.9473684210526315,robusta
35.0,22.485281229019165,0.8699238963305989,1.1428571428571428,0.9722222222222222,robusta
33.5,21.899494767189026,0.8777816141434455,0.875,0.9710144927536232,robusta
20.5,17.071067690849304,0.8839798310353423,1.0,1.0,robusta
33.5,22.727921843528748,0.8149579796824994,1.2857142857142858,0.9436619718309859,robusta
33.5,21.899494767189026,0.8777816141434455,0.875,0.9710144927536232,robusta
32.5,21.899494767189026,0.8515791779003574,1.1428571428571428,0.9558823529411765,robusta
38.0,23.313708305358887,0.8785586192911308,1.0,0.9743589743589743,robusta
23.5,19.071067690849304,0.8119470551706076,0.625,0.9791666666666666,robusta
31.5,21.899494767189026,0.8253767416572696,1.1428571428571428,0.9402985074626866,robusta
36.0,23.313708305358887,0.8323186919600186,0.7777777777777778,0.9473684210526315,robusta
36.0,23.313708305358887,0.8323186919600186,1.0,0.9473684210526315,robusta
32.5,21.899494767189026,0.8515791779003574,1.1428571428571428,0.9558823529411765,robusta
33.0,21.313708186149597,0.9128633540087586,0.875,1.0,robusta
30.5,21.071067690849304,0.8632500631992441,0.75,0.9838709677419355,robusta
31.0,21.313708305358887,0.8575382926580901,1.1428571428571428,0.96875,robusta
31.5,22.242640614509583,0.8001063703614795,1.3333333333333333,0.9692307692307692,robusta
26.5,19.899494647979736,0.8409528425015217,0.75,0.9814814814814815,robusta
48.5,27.899494767189026,0.7829948854475153,1.5714285714285714,0.9509803921568627,robusta
32.5,21.899494767189026,0.8515791779003574,0.875,0.9558823529411765,robusta
31.5,21.899494767189026,0.8253767416572696,0.875,0.9402985074626866,robusta
34.5,22.727921724319458,0.8392850923578183,1.0,0.971830985915493,robusta
26.5,19.071067690849304,0.9155998707243022,1.1666666666666667,1.0,robusta
29.5,19.899494767189026,0.9361550398703974,1.0,1.0,robusta
25.5,19.899494767189026,0.8092187632778012,0.75,0.9444444444444444,robusta
30.0,21.313708305358887,0.8298757670884743,0.875,0.9523809523809523,robusta
34.0,22.485281229019165,0.8450689278640103,1.1428571428571428,0.9577464788732394,robusta
38.5,23.899494767189026,0.847019001863133,0.7777777777777778,0.9625,robusta
41.5,24.727921724319458,0.8528697798562861,0.8888888888888888,0.9651162790697675,robusta
42.0,24.14213526248932,0.9055403289798614,1.125,0.9882352941176471,robusta
18.5,15.899494767189026,0.9196338409839729,1.0,1.0,robusta
17.0,15.656854152679443,0.8714646463829057,0.8333333333333334,0.9714285714285714,robusta
19.0,16.485281229019165,0.8785586201763613,1.0,0.9743589743589743,robusta
37.0,23.313708305358887,0.8554386556255748,1.0,0.961038961038961,robusta
33.5,21.899494767189026,0.8777816141434455,0.6666666666666666,1.0,robusta
35.5,23.55634880065918,0.8039374582410169,0.8888888888888888,0.9466666666666667,robusta
44.0,25.313708305358887,0.8628811819610296,1.125,0.967032967032967,robusta
33.5,21.899494647979736,0.877781623699805,0.875,0.9852941176470589,robusta
25.5,19.899494647979736,0.8092187729731622,0.75,0.9622641509433962,robusta
28.5,21.071067690849304,0.8066435016779822,1.3333333333333333,0.95,robusta
36.5,22.727921724319458,0.8879393006104455,1.0,0.9864864864864865,robusta
38.5,23.899494767189026,0.847019001863133,0.7777777777777778,0.9625,robusta
42.0,24.14213526248932,0.9055403289798614,0.8888888888888888,0.9882352941176471,robusta
25.5,19.071067690849304,0.8810489322064039,1.1666666666666667,0.9807692307692307,robusta
23.0,18.485281229019165,0.8458348514740116,0.8571428571428571,0.9583333333333334,robusta
30.0,20.485281109809875,0.8983534972800498,1.0,1.0,robusta
35.0,22.485281229019165,0.8699238963305989,1.1428571428571428,0.9722222222222222,robusta
31.5,21.899494767189026,0.8253767416572696,0.875,0.9545454545454546,robusta
25.0,18.485281229019165,0.9193857081239257,0.8571428571428571,1.0,robusta
32.0,21.313708186149597,0.8852008281297052,1.1428571428571428,0.9846153846153847,robusta
55.5,28.727921843528748,0.8450733885992592,0.9,0.9568965517241379,robusta
51.5,27.55634880065918,0.8522632198064184,0.7272727272727273,0.9716981132075472,robusta
27.0,20.485281229019165,0.8085181381420813,1.0,0.9310344827586207,robusta
28.0,20.485281229019165,0.8384632543695658,1.0,0.9491525423728814,robusta
35.5,22.727921724319458,0.863612196484132,1.0,0.9594594594594594,robusta
28.0,20.485281229019165,0.8384632543695658,0.75,0.9655172413793104,robusta
27.5,19.899494647979736,0.872686912029881,1.0,0.9821428571428571,robusta
30.5,21.071067690849304,0.8632500631992441,1.0,0.9682539682539683,robusta
11.5,13.41421353816986,0.8031141418478369,1.25,1.0,robusta
10.0,11.656854152679443,0.9247985466222429,0.8,1.0,robusta
13.0,14.485281229019165,0.7785730264869145,1.2,0.9629629629629629,robusta
16.0,15.656854152679443,0.8202020201250876,0.8333333333333334,0.9696969696969697,robusta
19.0,16.485281229019165,0.8785586201763613,1.0,0.9743589743589743,robusta
18.5,15.899494767189026,0.9196338409839729,1.0,1.0,robusta
19.0,16.485281229019165,0.8785586201763613,1.0,0.9743589743589743,robusta
15.5,15.071067690849304,0.8575382908489095,0.8333333333333334,0.96875,robusta
28.5,21.899494767189026,0.7467694329280058,1.5,0.9661016949152542,robusta
10.5,12.242640614509583,0.8803370121606843,0.8,1.0,robusta
11.5,13.071067690849304,0.8458348538463678,1.0,0.9583333333333334,robusta
18.0,16.485281229019165,0.8323186927986581,1.4,0.972972972972973,robusta
15.5,15.071067690849304,0.8575382908489095,1.2,0.96875,robusta
15.5,15.071067690849304,0.8575382908489095,0.8333333333333334,0.96875,robusta
11.0,12.828427076339722,0.8399544390775809,1.25,1.0,robusta
12.0,13.656854152679443,0.8085181381420814,1.5,1.0,robusta
21.0,17.656854152679443,0.8464523193398272,0.7142857142857143,1.0,robusta
25.0,19.656854152679443,0.8130585890050616,1.1666666666666667,0.9615384615384616,robusta
20.0,16.485281229019165,0.9247985475540647,1.0,1.0,robusta
19.5,17.071067690849304,0.8408588636677646,1.0,0.9512195121951219,robusta
29.0,20.485281229019165,0.8684083705970504,1.3333333333333333,0.9830508474576272,robusta
23.0,18.485281229019165,0.8458348514740116,0.8571428571428571,0.9583333333333334,robusta
27.5,19.899494767189026,0.8726869015740993,1.3333333333333333,0.9821428571428571,robusta
17.0,15.656854152679443,0.8714646463829057,0.8333333333333334,1.0,robusta
13.0,14.485281229019165,0.7785730264869145,1.2,0.9285714285714286,robusta
15.0,14.485281229019165,0.8983534921002858,1.2,1.0,robusta
14.0,14.485281229019165,0.8384632592936002,0.8333333333333334,0.9655172413793104,robusta
15.0,14.485281229019165,0.8983534921002858,0.8333333333333334,1.0,robusta
13.5,14.242640614509583,0.8363009706092603,1.0,0.9642857142857143,robusta
13.5,14.242640614509583,0.8363009706092603,1.0,0.9642857142857143,robusta
13.0,14.485281229019165,0.7785730264869145,0.8333333333333334,0.9285714285714286,robusta
13.0,14.485281229019165,0.7785730264869145,1.2,0.9285714285714286,robusta
15.5,15.071067690849304,0.8575382908489095,0.8333333333333334,1.0,robusta
15.5,15.071067690849304,0.8575382908489095,0.8333333333333334,0.96875,robusta
15.5,15.071067690849304,0.8575382908489095,1.2,0.96875,robusta
17.0,15.656854152679443,0.8714646463829057,1.2,1.0,robusta
15.5,15.071067690849304,0.8575382908489095,0.8333333333333334,0.96875,robusta
16.5,15.071067690849304,0.9128633418714199,1.2,1.0,robusta
19.5,17.071067690849304,0.8408588636677646,1.4,0.975,robusta
18.0,15.656854152679443,0.9227272726407235,1.2,1.0,robusta
21.5,17.899494767189026,0.843270249070409,0.8571428571428571,0.9555555555555556,robusta
15.0,14.828427076339722,0.8572568253872993,1.0,1.0,robusta
16.5,15.071067690849304,0.9128633418714199,1.2,1.0,robusta
24.0,19.656854152679443,0.7805362454448591,1.6,0.9795918367346939,robusta
18.0,16.485281229019165,0.8323186927986581,1.4,0.972972972972973,robusta
15.0,14.485281229019165,0.8983534921002858,1.2,1.0,robusta
18.0,16.485281229019165,0.8323186927986581,1.0,0.9473684210526315,robusta
19.5,17.899494767189026,0.7648265049708362,1.1666666666666667,0.9069767441860465,robusta
17.0,16.485281229019165,0.786078765420955,1.0,0.9444444444444444,robusta
8.5,12.242640614509583,0.7126537717491254,2.0,1.0,robusta
7.5,10.242640614509583,0.8983534868245348,1.0,1.0,robusta
15.0,14.828427076339722,0.8572568253872993,1.0,1.0,robusta
13.5,14.242640614509583,0.8363009706092603,0.6666666666666666,1.0,robusta
14.5,15.071067690849304,0.8022132398263994,1.2,0.9666666666666667,robusta
11.0,12.828427076339722,0.8399544390775809,0.8,1.0,robusta
10.0,13.656854152679443,0.6737651151184011,1.0,0.8333333333333334,robusta
9.5,12.242640614509583,0.7964953919549047,1.25,0.95,robusta
9.5,12.242640614509583,0.7964953919549047,1.25,0.95,robusta
8.5,11.41421353816986,0.8198545354117053,1.0,1.0,robusta
14.0,13.656854152679443,0.9432711611657616,1.0,1.0,robusta
14.0,14.828427076339722,0.8001063703614795,1.0,0.9655172413793104,robusta
10.0,12.485281229019165,0.8061450759506535,1.0,0.9523809523809523,robusta
10.5,12.242640614509583,0.8803370121606843,0.8,1.0,robusta
10.5,12.242640614509583,0.8803370121606843,1.25,1.0,robusta
14.0,15.656854152679443,0.7176767676094516,1.2,0.9032258064516129,robusta
12.5,14.242640614509583,0.77435275056413,1.0,0.9615384615384616,robusta
14.0,15.656854152679443,0.7176767676094516,0.8333333333333334,0.9032258064516129,robusta
13.0,13.656854152679443,0.8758946496539216,1.0,0.9629629629629629,robusta
12.5,14.242640614509583,0.77435275056413,1.5,0.9615384615384616,robusta
13.0,13.656854152679443,0.8758946496539216,1.0,1.0,robusta
12.5,13.899494767189026,0.813058600817133,1.2,0.9615384615384616,robusta
12.5,14.242640614509583,0.77435275056413,1.5,1.0,robusta
9.5,13.071067690849304,0.698733140133956,1.0,0.8636363636363636,robusta
9.0,12.0,0.7853981633974483,1.0,1.0,robusta
17.0,15.656854152679443,0.8714646463829057,1.2,1.0,robusta
14.5,15.071067690849304,0.8022132398263994,1.2,0.9666666666666667,robusta
14.0,15.656854152679443,0.7176767676094516,1.75,0.9655172413793104,robusta
16.0,15.313708186149597,0.8573716374519507,1.0,1.0,robusta
10.5,13.071067690849304,0.772283996990162,1.0,0.9130434782608695,robusta
7.5,11.41421353816986,0.7234010606573869,1.6666666666666667,1.0,robusta
8.0,10.828427076339722,0.8573716100878628,1.0,1.0,robusta
8.5,11.41421353816986,0.8198545354117053,1.0,1.0,robusta
10.0,12.828427076339722,0.7635949446159828,1.25,0.9523809523809523,robusta
10.0,12.485281229019165,0.8061450759506535,1.0,0.9523809523809523,robusta
9.5,12.242640614509583,0.7964953919549047,1.25,0.95,robusta
9.5,12.242640614509583,0.7964953919549047,1.25,1.0,robusta
9.5,12.242640614509583,0.7964953919549047,1.25,0.95,robusta
10.5,12.242640614509583,0.8803370121606843,0.8,1.0,robusta
11.0,12.485281229019165,0.8867595835457188,1.0,1.0,robusta
11.5,13.071067690849304,0.8458348538463678,1.0,0.9583333333333334,robusta
15.5,15.071067690849304,0.8575382908489095,1.2,0.96875,robusta
15.0,14.485281229019165,0.8983534921002858,0.8333333333333334,1.0,robusta
16.5,15.899494767189026,0.8202139662830029,1.0,0.9428571428571428,robusta
18.0,16.485281229019165,0.8323186927986581,1.4,0.972972972972973,robusta
10.5,12.242640614509583,0.8803370121606843,1.25,1.0,robusta
11.5,13.071067690849304,0.8458348538463678,1.0,0.9583333333333334,robusta
14.0,14.485281229019165,0.8384632592936002,1.2,0.9655172413793104,robusta
12.5,13.071067690849304,0.9193857107025738,1.0,1.0,robusta
8.5,11.41421353816986,0.8198545354117053,1.0,1.0,robusta
8.0,10.828427076339722,0.8573716100878628,1.0,1.0,robusta
7.5,11.41421353816986,0.7234010606573869,1.6666666666666667,1.0,robusta
13.0,13.656854152679443,0.8758946496539216,1.0,1.0,robusta
16.5,15.071067690849304,0.9128633418714199,1.2,1.0,robusta
10.0,12.485281229019165,0.8061450759506535,1.0,0.9523809523809523,robusta
12.0,14.485281229019165,0.7186827936802287,1.2,0.8888888888888888,robusta
16.0,15.656854152679443,0.8202020201250876,1.2,0.9411764705882353,robusta
19.5,17.071067690849304,0.8408588636677646,1.4,0.975,robusta
16.0,15.656854152679443,0.8202020201250876,1.2,0.9696969696969697,robusta
14.5,15.071067690849304,0.8022132398263994,1.2,0.9354838709677419,robusta
14.5,14.242640614509583,0.8982491906543908,1.0,1.0,robusta
10.5,12.242640614509583,0.8803370121606843,1.25,1.0,robusta
8.0,10.828427076339722,0.8573716100878628,1.0,1.0,robusta
8.5,11.071067690849304,0.8714646546573355,0.8,1.0,robusta
14.5,15.071067690849304,0.8022132398263994,1.2,0.9666666666666667,robusta
14.0,14.828427076339722,0.8001063703614795,1.5,1.0,robusta
15.5,15.071067690849304,0.8575382908489095,1.2,1.0,robusta
14.5,15.071067690849304,0.8022132398263994,0.8333333333333334,0.9354838709677419,robusta
13.5,14.242640614509583,0.8363009706092603,1.5,1.0,robusta
16.5,15.899494767189026,0.8202139662830029,1.4,0.9705882352941176,robusta
10.0,12.828427076339722,0.7635949446159828,1.25,0.9523809523809523,robusta
13.0,13.656854152679443,0.8758946496539216,1.0,1.0,robusta
15.0,15.656854152679443,0.7689393938672696,1.2,0.9375,robusta
15.0,15.656854152679443,0.7689393938672696,1.2,0.9375,robusta
14.5,14.242640614509583,0.8982491906543908,1.0,1.0,robusta
14.0,14.485281229019165,0.8384632592936002,1.2,0.9655172413793104,robusta
14.0,13.656854152679443,0.9432711611657616,1.0,1.0,robusta
19.5,17.071067690849304,0.8408588636677646,1.0,0.975,robusta
22.5,19.899494767189026,0.714016555833354,1.8,0.9375,robusta
21.5,17.899494767189026,0.843270249070409,0.8571428571428571,0.9555555555555556,robusta
19.5,17.899494767189026,0.7648265049708362,1.6,0.975,robusta
14.0,15.656854152679443,0.7176767676094516,1.2,0.9032258064516129,robusta
11.0,12.828427076339722,0.8399544390775809,1.25,1.0,robusta
13.0,13.656854152679443,0.8758946496539216,1.0,1.0,robusta
11.0,12.828427076339722,0.8399544390775809,0.8,1.0,robusta
16.5,15.071067690849304,0.9128633418714199,1.2,1.0,robusta
18.5,15.899494767189026,0.9196338409839729,1.0,1.0,robusta
10.5,12.242640614509583,0.8803370121606843,0.8,1.0,robusta
8.0,10.828427076339722,0.8573716100878628,1.0,1.0,robusta
6.0,10.0,0.7539822368615503,1.3333333333333333,1.0,robusta
7.5,10.242640614509583,0.8983534868245348,1.0,1.0,robusta
9.0,11.656854152679443,0.8323186919600186,1.25,0.9473684210526315,robusta
7.5,10.242640614509583,0.8983534868245348,1.0,1.0,robusta
25.0,20.485281229019165,0.7486279056871125,1.3333333333333333,0.9090909090909091,robusta
24.0,18.485281229019165,0.8826102797989687,1.1666666666666667,1.0,robusta
22.0,18.485281229019165,0.8090594231490545,0.8571428571428571,0.9361702127659575,robusta
17.5,15.899494767189026,0.8699239036334878,1.4,1.0,robusta
16.0,16.485281229019165,0.7398388380432517,1.0,0.9142857142857143,robusta
17.0,16.485281229019165,0.786078765420955,1.0,0.918918918918919,robusta
17.5,15.899494767189026,0.8699239036334878,1.4,1.0,robusta
18.0,16.485281229019165,0.8323186927986581,1.0,0.9473684210526315,robusta
14.5,14.242640614509583,0.8982491906543908,1.0,1.0,robusta
21.5,17.899494767189026,0.843270249070409,0.8571428571428571,0.9555555555555556,robusta
21.5,18.242640614509583,0.8118446236640815,1.4,1.0,robusta
14.0,13.656854152679443,0.9432711611657616,1.0,1.0,robusta
14.0,13.656854152679443,0.9432711611657616,1.0,1.0,robusta
13.0,13.656854152679443,0.8758946496539216,1.0,0.9629629629629629,robusta
18.5,15.899494767189026,0.9196338409839729,1.0,1.0,robusta
17.0,16.485281229019165,0.786078765420955,1.0,0.918918918918919,robusta
22.5,17.899494767189026,0.8824921211201956,1.1666666666666667,0.9782608695652174,robusta
18.0,16.485281229019165,0.8323186927986581,1.4,0.972972972972973,robusta
10.5,13.071067690849304,0.772283996990162,1.0,0.9545454545454546,robusta
11.0,12.828427076339722,0.8399544390775809,0.8,1.0,robusta
13.0,13.656854152679443,0.8758946496539216,1.0,1.0,robusta
13.0,14.485281229019165,0.7785730264869145,1.2,0.9285714285714286,robusta
13.0,14.485281229019165,0.7785730264869145,0.8333333333333334,0.9285714285714286,robusta
14.0,14.485281229019165,0.8384632592936002,0.8333333333333334,0.9655172413793104,robusta
22.0,19.313708305358887,0.7411416309827358,1.0,0.8979591836734694,robusta
23.0,18.82842707633972,0.8152853129608119,1.4,1.0,robusta
22.5,17.899494767189026,0.8824921211201956,1.1666666666666667,0.9782608695652174,robusta
19.5,17.071067690849304,0.8408588636677646,0.7142857142857143,0.975,robusta
23.5,18.72792160511017,0.841973767430648,1.0,0.9791666666666666,robusta
25.5,19.071067690849304,0.8810489322064039,1.1666666666666667,0.9807692307692307,robusta
